CACCACCACCACCACCAC,GAACTGCAGGTGCAAAGGCC,GCCCGGAATCTAGG,TGCAGGTGCAAAG
CATCACCACCACCACCAC,GAACTGCAGGTGCAAAGGCC,GCCCGGAATCTAGG,TGCAGGTGCAAAG
CACCATCACCACCACCAC,GAACTGCAGGTGCAAAGGCC,GCCCGGAATCTAGG,TGCAGGTGCAAAG
CATCATCACCACCACCAC,GAACTGCAGGTGCAAAGGCC,GCCCGGAATCTAGG,TGCAGGTGCAAAG
CACCACCATCACCACCAC,GAACTGCAGGTGCAAAGGCC,GCCCGGAATCTAGG,TGCAGGTGCAAAG
CATCACCATCACCACCAC,GAACTGCAGGTGCAAAGGCC,GCCCGGAATCTAGG,TGCAGGTGCAAAG
CACCATCATCACCACCAC,GAACTGCAGGTGCAAAGGCC,GCCCGGAATCTAGG,TGCAGGTGCAAAG
CATCATCATCACCACCAC,GAACTGCAGGTGCAAAGGCC,GCCCGGAATCTAGG,TGCAGGTGCAAAG
CACCACCACCATCACCAC,GAACTGCAGGTGCAAAGGCC,GCCCGGAATCTAGG,TGCAGGTGCAAAG
CATCACCACCATCACCAC,GAACTGCAGGTGCAAAGGCC,GCCCGGAATCTAGG,TGCAGGTGCAAAG
CACCATCACCATCACCAC,GAACTGCAGGTGCAAAGGCC,GCCCGGAATCTAGG,TGCAGGTGCAAAG
CATCATCACCATCACCAC,GAACTGCAGGTGCAAAGGCC,GCCCGGAATCTAGG,TGCAGGTGCAAAG
CACCACCATCATCACCAC,GAACTGCAGGTGCAAAGGCC,GCCCGGAATCTAGG,TGCAGGTGCAAAG
CATCACCATCATCACCAC,GAACTGCAGGTGCAAAGGCC,GCCCGGAATCTAGG,TGCAGGTGCAAAG
CACCATCATCATCACCAC,GAACTGCAGGTGCAAAGGCC,GCCCGGAATCTAGG,TGCAGGTGCAAAG
CATCATCATCATCACCAC,GAACTGCAGGTGCAAAGGCC,GCCCGGAATCTAGG,TGCAGGTGCAAAG
CACCACCACCACCATCAC,GAACTGCAGGTGCAAAGGCC,GCCCGGAATCTAGG,TGCAGGTGCAAAG
CATCACCACCACCATCAC,GAACTGCAGGTGCAAAGGCC,GCCCGGAATCTAGG,TGCAGGTGCAAAG
CACCATCACCACCATCAC,GAACTGCAGGTGCAAAGGCC,GCCCGGAATCTAGG,TGCAGGTGCAAAG
CATCATCACCACCATCAC,GAACTGCAGGTGCAAAGGCC,GCCCGGAATCTAGG,TGCAGGTGCAAAG
CACCACCATCACCATCAC,GAACTGCAGGTGCAAAGGCC,GCCCGGAATCTAGG,TGCAGGTGCAAAG
CATCACCATCACCATCAC,GAACTGCAGGTGCAAAGGCC,GCCCGGAATCTAGG,TGCAGGTGCAAAG
CACCATCATCACCATCAC,GAACTGCAGGTGCAAAGGCC,GCCCGGAATCTAGG,TGCAGGTGCAAAG
CATCATCATCACCATCAC,GAACTGCAGGTGCAAAGGCC,GCCCGGAATCTAGG,TGCAGGTGCAAAG
CACCACCACCATCATCAC,GAACTGCAGGTGCAAAGGCC,GCCCGGAATCTAGG,TGCAGGTGCAAAG
CATCACCACCATCATCAC,GAACTGCAGGTGCAAAGGCC,GCCCGGAATCTAGG,TGCAGGTGCAAAG
CACCATCACCATCATCAC,GAACTGCAGGTGCAAAGGCC,GCCCGGAATCTAGG,TGCAGGTGCAAAG
CATCATCACCATCATCAC,GAACTGCAGGTGCAAAGGCC,GCCCGGAATCTAGG,TGCAGGTGCAAAG
CACCACCATCATCATCAC,GAACTGCAGGTGCAAAGGCC,GCCCGGAATCTAGG,TGCAGGTGCAAAG
CATCACCATCATCATCAC,GAACTGCAGGTGCAAAGGCC,GCCCGGAATCTAGG,TGCAGGTGCAAAG
CACCATCATCATCATCAC,GAACTGCAGGTGCAAAGGCC,GCCCGGAATCTAGG,TGCAGGTGCAAAG
CATCATCATCATCATCAC,GAACTGCAGGTGCAAAGGCC,GCCCGGAATCTAGG,TGCAGGTGCAAAG
CACCACCACCACCACCAT,GAACTGCAGGTGCAAAGGCC,GCCCGGAATCTAGG,TGCAGGTGCAAAG
CATCACCACCACCACCAT,GAACTGCAGGTGCAAAGGCC,GCCCGGAATCTAGG,TGCAGGTGCAAAG
CACCATCACCACCACCAT,GAACTGCAGGTGCAAAGGCC,GCCCGGAATCTAGG,TGCAGGTGCAAAG
CATCATCACCACCACCAT,GAACTGCAGGTGCAAAGGCC,GCCCGGAATCTAGG,TGCAGGTGCAAAG
CACCACCATCACCACCAT,GAACTGCAGGTGCAAAGGCC,GCCCGGAATCTAGG,TGCAGGTGCAAAG
CATCACCATCACCACCAT,GAACTGCAGGTGCAAAGGCC,GCCCGGAATCTAGG,TGCAGGTGCAAAG
CACCATCATCACCACCAT,GAACTGCAGGTGCAAAGGCC,GCCCGGAATCTAGG,TGCAGGTGCAAAG
CATCATCATCACCACCAT,GAACTGCAGGTGCAAAGGCC,GCCCGGAATCTAGG,TGCAGGTGCAAAG
CACCACCACCATCACCAT,GAACTGCAGGTGCAAAGGCC,GCCCGGAATCTAGG,TGCAGGTGCAAAG
CATCACCACCATCACCAT,GAACTGCAGGTGCAAAGGCC,GCCCGGAATCTAGG,TGCAGGTGCAAAG
CACCATCACCATCACCAT,GAACTGCAGGTGCAAAGGCC,GCCCGGAATCTAGG,TGCAGGTGCAAAG
CATCATCACCATCACCAT,GAACTGCAGGTGCAAAGGCC,GCCCGGAATCTAGG,TGCAGGTGCAAAG
CACCACCATCATCACCAT,GAACTGCAGGTGCAAAGGCC,GCCCGGAATCTAGG,TGCAGGTGCAAAG
CATCACCATCATCACCAT,GAACTGCAGGTGCAAAGGCC,GCCCGGAATCTAGG,TGCAGGTGCAAAG
CACCATCATCATCACCAT,GAACTGCAGGTGCAAAGGCC,GCCCGGAATCTAGG,TGCAGGTGCAAAG
CATCATCATCATCACCAT,GAACTGCAGGTGCAAAGGCC,GCCCGGAATCTAGG,TGCAGGTGCAAAG
CACCACCACCACCATCAT,GAACTGCAGGTGCAAAGGCC,GCCCGGAATCTAGG,TGCAGGTGCAAAG
CATCACCACCACCATCAT,GAACTGCAGGTGCAAAGGCC,GCCCGGAATCTAGG,TGCAGGTGCAAAG
CACCATCACCACCATCAT,GAACTGCAGGTGCAAAGGCC,GCCCGGAATCTAGG,TGCAGGTGCAAAG
CATCATCACCACCATCAT,GAACTGCAGGTGCAAAGGCC,GCCCGGAATCTAGG,TGCAGGTGCAAAG
CACCACCATCACCATCAT,GAACTGCAGGTGCAAAGGCC,GCCCGGAATCTAGG,TGCAGGTGCAAAG
CATCACCATCACCATCAT,GAACTGCAGGTGCAAAGGCC,GCCCGGAATCTAGG,TGCAGGTGCAAAG
CACCATCATCACCATCAT,GAACTGCAGGTGCAAAGGCC,GCCCGGAATCTAGG,TGCAGGTGCAAAG
CATCATCATCACCATCAT,GAACTGCAGGTGCAAAGGCC,GCCCGGAATCTAGG,TGCAGGTGCAAAG
CACCACCACCATCATCAT,GAACTGCAGGTGCAAAGGCC,GCCCGGAATCTAGG,TGCAGGTGCAAAG
CATCACCACCATCATCAT,GAACTGCAGGTGCAAAGGCC,GCCCGGAATCTAGG,TGCAGGTGCAAAG
CACCATCACCATCATCAT,GAACTGCAGGTGCAAAGGCC,GCCCGGAATCTAGG,TGCAGGTGCAAAG
CATCATCACCATCATCAT,GAACTGCAGGTGCAAAGGCC,GCCCGGAATCTAGG,TGCAGGTGCAAAG
CACCACCATCATCATCAT,GAACTGCAGGTGCAAAGGCC,GCCCGGAATCTAGG,TGCAGGTGCAAAG
CATCACCATCATCATCAT,GAACTGCAGGTGCAAAGGCC,GCCCGGAATCTAGG,TGCAGGTGCAAAG
CACCATCATCATCATCAT,GAACTGCAGGTGCAAAGGCC,GCCCGGAATCTAGG,TGCAGGTGCAAAG
CATCATCATCATCATCAT,GAACTGCAGGTGCAAAGGCC,GCCCGGAATCTAGG,TGCAGGTGCAAAG
CACCACCACCACCACCAC,GGCCCAGACTGAGCACGTGA,TGATGGCAGAGGAAAGGAAGCCCTGCTTCCTCCA,CAGACTGAGCACG
CATCACCACCACCACCAC,GGCCCAGACTGAGCACGTGA,TGATGGCAGAGGAAAGGAAGCCCTGCTTCCTCCA,CAGACTGAGCACG
CACCATCACCACCACCAC,GGCCCAGACTGAGCACGTGA,TGATGGCAGAGGAAAGGAAGCCCTGCTTCCTCCA,CAGACTGAGCACG
CATCATCACCACCACCAC,GGCCCAGACTGAGCACGTGA,TGATGGCAGAGGAAAGGAAGCCCTGCTTCCTCCA,CAGACTGAGCACG
CACCACCATCACCACCAC,GGCCCAGACTGAGCACGTGA,TGATGGCAGAGGAAAGGAAGCCCTGCTTCCTCCA,CAGACTGAGCACG
CATCACCATCACCACCAC,GGCCCAGACTGAGCACGTGA,TGATGGCAGAGGAAAGGAAGCCCTGCTTCCTCCA,CAGACTGAGCACG
CACCATCATCACCACCAC,GGCCCAGACTGAGCACGTGA,TGATGGCAGAGGAAAGGAAGCCCTGCTTCCTCCA,CAGACTGAGCACG
CATCATCATCACCACCAC,GGCCCAGACTGAGCACGTGA,TGATGGCAGAGGAAAGGAAGCCCTGCTTCCTCCA,CAGACTGAGCACG
CACCACCACCATCACCAC,GGCCCAGACTGAGCACGTGA,TGATGGCAGAGGAAAGGAAGCCCTGCTTCCTCCA,CAGACTGAGCACG
CATCACCACCATCACCAC,GGCCCAGACTGAGCACGTGA,TGATGGCAGAGGAAAGGAAGCCCTGCTTCCTCCA,CAGACTGAGCACG
CACCATCACCATCACCAC,GGCCCAGACTGAGCACGTGA,TGATGGCAGAGGAAAGGAAGCCCTGCTTCCTCCA,CAGACTGAGCACG
CATCATCACCATCACCAC,GGCCCAGACTGAGCACGTGA,TGATGGCAGAGGAAAGGAAGCCCTGCTTCCTCCA,CAGACTGAGCACG
CACCACCATCATCACCAC,GGCCCAGACTGAGCACGTGA,TGATGGCAGAGGAAAGGAAGCCCTGCTTCCTCCA,CAGACTGAGCACG
CATCACCATCATCACCAC,GGCCCAGACTGAGCACGTGA,TGATGGCAGAGGAAAGGAAGCCCTGCTTCCTCCA,CAGACTGAGCACG
CACCATCATCATCACCAC,GGCCCAGACTGAGCACGTGA,TGATGGCAGAGGAAAGGAAGCCCTGCTTCCTCCA,CAGACTGAGCACG
CATCATCATCATCACCAC,GGCCCAGACTGAGCACGTGA,TGATGGCAGAGGAAAGGAAGCCCTGCTTCCTCCA,CAGACTGAGCACG
CACCACCACCACCATCAC,GGCCCAGACTGAGCACGTGA,TGATGGCAGAGGAAAGGAAGCCCTGCTTCCTCCA,CAGACTGAGCACG
CATCACCACCACCATCAC,GGCCCAGACTGAGCACGTGA,TGATGGCAGAGGAAAGGAAGCCCTGCTTCCTCCA,CAGACTGAGCACG
CACCATCACCACCATCAC,GGCCCAGACTGAGCACGTGA,TGATGGCAGAGGAAAGGAAGCCCTGCTTCCTCCA,CAGACTGAGCACG
CATCATCACCACCATCAC,GGCCCAGACTGAGCACGTGA,TGATGGCAGAGGAAAGGAAGCCCTGCTTCCTCCA,CAGACTGAGCACG
CACCACCATCACCATCAC,GGCCCAGACTGAGCACGTGA,TGATGGCAGAGGAAAGGAAGCCCTGCTTCCTCCA,CAGACTGAGCACG
CATCACCATCACCATCAC,GGCCCAGACTGAGCACGTGA,TGATGGCAGAGGAAAGGAAGCCCTGCTTCCTCCA,CAGACTGAGCACG
CACCATCATCACCATCAC,GGCCCAGACTGAGCACGTGA,TGATGGCAGAGGAAAGGAAGCCCTGCTTCCTCCA,CAGACTGAGCACG
CATCATCATCACCATCAC,GGCCCAGACTGAGCACGTGA,TGATGGCAGAGGAAAGGAAGCCCTGCTTCCTCCA,CAGACTGAGCACG
CACCACCACCATCATCAC,GGCCCAGACTGAGCACGTGA,TGATGGCAGAGGAAAGGAAGCCCTGCTTCCTCCA,CAGACTGAGCACG
CATCACCACCATCATCAC,GGCCCAGACTGAGCACGTGA,TGATGGCAGAGGAAAGGAAGCCCTGCTTCCTCCA,CAGACTGAGCACG
CACCATCACCATCATCAC,GGCCCAGACTGAGCACGTGA,TGATGGCAGAGGAAAGGAAGCCCTGCTTCCTCCA,CAGACTGAGCACG
CATCATCACCATCATCAC,GGCCCAGACTGAGCACGTGA,TGATGGCAGAGGAAAGGAAGCCCTGCTTCCTCCA,CAGACTGAGCACG
CACCACCATCATCATCAC,GGCCCAGACTGAGCACGTGA,TGATGGCAGAGGAAAGGAAGCCCTGCTTCCTCCA,CAGACTGAGCACG
CATCACCATCATCATCAC,GGCCCAGACTGAGCACGTGA,TGATGGCAGAGGAAAGGAAGCCCTGCTTCCTCCA,CAGACTGAGCACG
CACCATCATCATCATCAC,GGCCCAGACTGAGCACGTGA,TGATGGCAGAGGAAAGGAAGCCCTGCTTCCTCCA,CAGACTGAGCACG
CATCATCATCATCATCAC,GGCCCAGACTGAGCACGTGA,TGATGGCAGAGGAAAGGAAGCCCTGCTTCCTCCA,CAGACTGAGCACG
CACCACCACCACCACCAT,GGCCCAGACTGAGCACGTGA,TGATGGCAGAGGAAAGGAAGCCCTGCTTCCTCCA,CAGACTGAGCACG
CATCACCACCACCACCAT,GGCCCAGACTGAGCACGTGA,TGATGGCAGAGGAAAGGAAGCCCTGCTTCCTCCA,CAGACTGAGCACG
CACCATCACCACCACCAT,GGCCCAGACTGAGCACGTGA,TGATGGCAGAGGAAAGGAAGCCCTGCTTCCTCCA,CAGACTGAGCACG
CATCATCACCACCACCAT,GGCCCAGACTGAGCACGTGA,TGATGGCAGAGGAAAGGAAGCCCTGCTTCCTCCA,CAGACTGAGCACG
CACCACCATCACCACCAT,GGCCCAGACTGAGCACGTGA,TGATGGCAGAGGAAAGGAAGCCCTGCTTCCTCCA,CAGACTGAGCACG
CATCACCATCACCACCAT,GGCCCAGACTGAGCACGTGA,TGATGGCAGAGGAAAGGAAGCCCTGCTTCCTCCA,CAGACTGAGCACG
CACCATCATCACCACCAT,GGCCCAGACTGAGCACGTGA,TGATGGCAGAGGAAAGGAAGCCCTGCTTCCTCCA,CAGACTGAGCACG
CATCATCATCACCACCAT,GGCCCAGACTGAGCACGTGA,TGATGGCAGAGGAAAGGAAGCCCTGCTTCCTCCA,CAGACTGAGCACG
CACCACCACCATCACCAT,GGCCCAGACTGAGCACGTGA,TGATGGCAGAGGAAAGGAAGCCCTGCTTCCTCCA,CAGACTGAGCACG
CATCACCACCATCACCAT,GGCCCAGACTGAGCACGTGA,TGATGGCAGAGGAAAGGAAGCCCTGCTTCCTCCA,CAGACTGAGCACG
CACCATCACCATCACCAT,GGCCCAGACTGAGCACGTGA,TGATGGCAGAGGAAAGGAAGCCCTGCTTCCTCCA,CAGACTGAGCACG
CATCATCACCATCACCAT,GGCCCAGACTGAGCACGTGA,TGATGGCAGAGGAAAGGAAGCCCTGCTTCCTCCA,CAGACTGAGCACG
CACCACCATCATCACCAT,GGCCCAGACTGAGCACGTGA,TGATGGCAGAGGAAAGGAAGCCCTGCTTCCTCCA,CAGACTGAGCACG
CATCACCATCATCACCAT,GGCCCAGACTGAGCACGTGA,TGATGGCAGAGGAAAGGAAGCCCTGCTTCCTCCA,CAGACTGAGCACG
CACCATCATCATCACCAT,GGCCCAGACTGAGCACGTGA,TGATGGCAGAGGAAAGGAAGCCCTGCTTCCTCCA,CAGACTGAGCACG
CATCATCATCATCACCAT,GGCCCAGACTGAGCACGTGA,TGATGGCAGAGGAAAGGAAGCCCTGCTTCCTCCA,CAGACTGAGCACG
CACCACCACCACCATCAT,GGCCCAGACTGAGCACGTGA,TGATGGCAGAGGAAAGGAAGCCCTGCTTCCTCCA,CAGACTGAGCACG
CATCACCACCACCATCAT,GGCCCAGACTGAGCACGTGA,TGATGGCAGAGGAAAGGAAGCCCTGCTTCCTCCA,CAGACTGAGCACG
CACCATCACCACCATCAT,GGCCCAGACTGAGCACGTGA,TGATGGCAGAGGAAAGGAAGCCCTGCTTCCTCCA,CAGACTGAGCACG
CATCATCACCACCATCAT,GGCCCAGACTGAGCACGTGA,TGATGGCAGAGGAAAGGAAGCCCTGCTTCCTCCA,CAGACTGAGCACG
CACCACCATCACCATCAT,GGCCCAGACTGAGCACGTGA,TGATGGCAGAGGAAAGGAAGCCCTGCTTCCTCCA,CAGACTGAGCACG
CATCACCATCACCATCAT,GGCCCAGACTGAGCACGTGA,TGATGGCAGAGGAAAGGAAGCCCTGCTTCCTCCA,CAGACTGAGCACG
CACCATCATCACCATCAT,GGCCCAGACTGAGCACGTGA,TGATGGCAGAGGAAAGGAAGCCCTGCTTCCTCCA,CAGACTGAGCACG
CATCATCATCACCATCAT,GGCCCAGACTGAGCACGTGA,TGATGGCAGAGGAAAGGAAGCCCTGCTTCCTCCA,CAGACTGAGCACG
CACCACCACCATCATCAT,GGCCCAGACTGAGCACGTGA,TGATGGCAGAGGAAAGGAAGCCCTGCTTCCTCCA,CAGACTGAGCACG
CATCACCACCATCATCAT,GGCCCAGACTGAGCACGTGA,TGATGGCAGAGGAAAGGAAGCCCTGCTTCCTCCA,CAGACTGAGCACG
CACCATCACCATCATCAT,GGCCCAGACTGAGCACGTGA,TGATGGCAGAGGAAAGGAAGCCCTGCTTCCTCCA,CAGACTGAGCACG
CATCATCACCATCATCAT,GGCCCAGACTGAGCACGTGA,TGATGGCAGAGGAAAGGAAGCCCTGCTTCCTCCA,CAGACTGAGCACG
CACCACCATCATCATCAT,GGCCCAGACTGAGCACGTGA,TGATGGCAGAGGAAAGGAAGCCCTGCTTCCTCCA,CAGACTGAGCACG
CATCACCATCATCATCAT,GGCCCAGACTGAGCACGTGA,TGATGGCAGAGGAAAGGAAGCCCTGCTTCCTCCA,CAGACTGAGCACG
CACCATCATCATCATCAT,GGCCCAGACTGAGCACGTGA,TGATGGCAGAGGAAAGGAAGCCCTGCTTCCTCCA,CAGACTGAGCACG
CATCATCATCATCATCAT,GGCCCAGACTGAGCACGTGA,TGATGGCAGAGGAAAGGAAGCCCTGCTTCCTCCA,CAGACTGAGCACG