name	sequence_original	sequence	target	leftcons	rightcons	rc
ACTB_top_hibit_759	GTCTCCGGCTGGAGACTCTTTAAGAAGATTTCC	TATCATCATCGGAAATCTTCTTAAAGAGTCTCCAGCCGGAGACCATGGTGAGC	ACTB	TATCATCATC	CATGGTGAGC	FALSE
ACTB_top_hibit_247	GTCTCCGGCTGGAGACTCTTTAAGAAGATTAGC	TATCATCATCGCTAATCTTCTTAAAGAGTCTCCAGCCGGAGACCATGGTGAGC	ACTB	TATCATCATC	CATGGTGAGC	FALSE
ACTB_top_hibit_479	GTCTCCGGCTGGAGGCTCTTCAAGAAGATCAGC	TATCATCATCGCTGATCTTCTTGAAGAGCCTCCAGCCGGAGACCATGGTGAGC	ACTB	TATCATCATC	CATGGTGAGC	FALSE
ACTB_top_hibit_989	GTCAGCGGCTGGAGGCTCTTCAAGAAGATCTCC	TATCATCATCGGAGATCTTCTTGAAGAGCCTCCAGCCGCTGACCATGGTGAGC	ACTB	TATCATCATC	CATGGTGAGC	FALSE
ACTB_top_hibit_215	GTCTCCGGCTGGAGACTCTTCAAGAAGATTAGC	TATCATCATCGCTAATCTTCTTGAAGAGTCTCCAGCCGGAGACCATGGTGAGC	ACTB	TATCATCATC	CATGGTGAGC	FALSE
ACTB_rc_top_hibit_276	GCTGATTTTTTTGAAGAGTCTCCAGCCGCTCAC	GCTCACCATGGTGAGCGGCTGGAGACTCTTCAAAAAAATCAGCGATGATGATA	ACTB_rc	GCTCACCATG	GATGATGATA	TRUE
ACTB_rc_top_hibit_463	GCTGATCTTCTTGAACAGCCTCCAGCCGGAGAC	GCTCACCATGGTCTCCGGCTGGAGGCTGTTCAAGAAGATCAGCGATGATGATA	ACTB_rc	GCTCACCATG	GATGATGATA	TRUE
ACTB_rc_top_hibit_399	GCTGATCTTTTTGAACAGCCTCCAGCCGGAGAC	GCTCACCATGGTCTCCGGCTGGAGGCTGTTCAAAAAGATCAGCGATGATGATA	ACTB_rc	GCTCACCATG	GATGATGATA	TRUE
ACTB_rc_top_hibit_277	GCTGATTTTTTTGAAGAGTCTCCAGCCGCTGAC	GCTCACCATGGTCAGCGGCTGGAGACTCTTCAAAAAAATCAGCGATGATGATA	ACTB_rc	GCTCACCATG	GATGATGATA	TRUE
ACTB_rc_top_hibit_395	GCTGATCTTTTTGAACAGCCTCCATCCGGAGAC	GCTCACCATGGTCTCCGGATGGAGGCTGTTCAAAAAGATCAGCGATGATGATA	ACTB_rc	GCTCACCATG	GATGATGATA	TRUE
HEK3_top_hibit_989	GTCAGCGGCTGGAGGCTCTTCAAGAAGATCTCC	TCTGCCATCAGGAGATCTTCTTGAAGAGCCTCCAGCCGCTGACCGTGCTCAGT	HEK3	TCTGCCATCA	CGTGCTCAGT	FALSE
HEK3_top_hibit_1013	GTCAGCGGCTGGAGACTCTTTAAGAAGATCTCC	TCTGCCATCAGGAGATCTTCTTAAAGAGTCTCCAGCCGCTGACCGTGCTCAGT	HEK3	TCTGCCATCA	CGTGCTCAGT	FALSE
HEK3_top_hibit_743	GTCTCCGGCTGGAGACTGTTTAAGAAGATTTCC	TCTGCCATCAGGAAATCTTCTTAAACAGTCTCCAGCCGGAGACCGTGCTCAGT	HEK3	TCTGCCATCA	CGTGCTCAGT	FALSE
HEK3_top_hibit_503	GTCTCCGGCTGGAGACTCTTTAAGAAGATCAGC	TCTGCCATCAGCTGATCTTCTTAAAGAGTCTCCAGCCGGAGACCGTGCTCAGT	HEK3	TCTGCCATCA	CGTGCTCAGT	FALSE
HEK3_top_hibit_975	GTCTCCGGCTGGAGGCTGTTCAAGAAGATCTCC	TCTGCCATCAGGAGATCTTCTTGAACAGCCTCCAGCCGGAGACCGTGCTCAGT	HEK3	TCTGCCATCA	CGTGCTCAGT	FALSE
LMNB1_top_hibit_989	GTCAGCGGCTGGAGGCTCTTCAAGAAGATCTCC	TCGCAGTCGCGGAGATCTTCTTGAAGAGCCTCCAGCCGCTGACCATGGCGGGC	LMNB1	TCGCAGTCGC	CATGGCGGGC	FALSE
LMNB1_top_hibit_750	GTGTCCGGCTGGAGGCTGTTTAAGAAGATTTCC	TCGCAGTCGCGGAAATCTTCTTAAACAGCCTCCAGCCGGACACCATGGCGGGC	LMNB1	TCGCAGTCGC	CATGGCGGGC	FALSE
LMNB1_top_hibit_221	GTCAGCGGCTGGAGGCTCTTCAAGAAGATTAGC	TCGCAGTCGCGCTAATCTTCTTGAAGAGCCTCCAGCCGCTGACCATGGCGGGC	LMNB1	TCGCAGTCGC	CATGGCGGGC	FALSE
LMNB1_top_hibit_508	GTGAGCGGCTGGAGGCTCTTTAAGAAGATCAGC	TCGCAGTCGCGCTGATCTTCTTAAAGAGCCTCCAGCCGCTCACCATGGCGGGC	LMNB1	TCGCAGTCGC	CATGGCGGGC	FALSE
LMNB1_top_hibit_973	GTCAGCGGCTGGAGGCTGTTCAAGAAGATCTCC	TCGCAGTCGCGGAGATCTTCTTGAACAGCCTCCAGCCGCTGACCATGGCGGGC	LMNB1	TCGCAGTCGC	CATGGCGGGC	FALSE
LMNB1_rc_top_hibit_560	GGAAATTTTTTTAAAGAGTCTCCATCCGCTCAC	GCCCGCCATGGTGAGCGGATGGAGACTCTTTAAAAAAATTTCCGCGACTGCGA	LMNB1_rc	GCCCGCCATG	GCGACTGCGA	TRUE
LMNB1_rc_top_hibit_148	GCTAATCTTTTTGAAGAGTCTCCAGCCGCTCAC	GCCCGCCATGGTGAGCGGCTGGAGACTCTTCAAAAAGATTAGCGCGACTGCGA	LMNB1_rc	GCCCGCCATG	GCGACTGCGA	TRUE
LMNB1_rc_top_hibit_864	GGAGATTTTCTTAAACAGTCTCCATCCGCTCAC	GCCCGCCATGGTGAGCGGATGGAGACTGTTTAAGAAAATCTCCGCGACTGCGA	LMNB1_rc	GCCCGCCATG	GCGACTGCGA	TRUE
LMNB1_rc_top_hibit_928	GGAGATCTTTTTAAACAGTCTCCATCCGCTCAC	GCCCGCCATGGTGAGCGGATGGAGACTGTTTAAAAAGATCTCCGCGACTGCGA	LMNB1_rc	GCCCGCCATG	GCGACTGCGA	TRUE
LMNB1_rc_top_hibit_180	GCTAATCTTTTTAAAGAGTCTCCAGCCGCTCAC	GCCCGCCATGGTGAGCGGCTGGAGACTCTTTAAAAAGATTAGCGCGACTGCGA	LMNB1_rc	GCCCGCCATG	GCGACTGCGA	TRUE
NOLC1_top_hibit_1013	GTCAGCGGCTGGAGACTCTTTAAGAAGATCTCC	CGGCGTCCGCGGAGATCTTCTTAAAGAGTCTCCAGCCGCTGACCATCCTCCAG	NOLC1	CGGCGTCCGC	CATCCTCCAG	FALSE
NOLC1_top_hibit_1014	GTGTCCGGCTGGAGACTCTTTAAGAAGATCTCC	CGGCGTCCGCGGAGATCTTCTTAAAGAGTCTCCAGCCGGACACCATCCTCCAG	NOLC1	CGGCGTCCGC	CATCCTCCAG	FALSE
NOLC1_top_hibit_977	GTCAGCGGATGGAGACTCTTCAAGAAGATCTCC	CGGCGTCCGCGGAGATCTTCTTGAAGAGTCTCCATCCGCTGACCATCCTCCAG	NOLC1	CGGCGTCCGC	CATCCTCCAG	FALSE
NOLC1_top_hibit_1012	GTGAGCGGCTGGAGACTCTTTAAGAAGATCTCC	CGGCGTCCGCGGAGATCTTCTTAAAGAGTCTCCAGCCGCTCACCATCCTCCAG	NOLC1	CGGCGTCCGC	CATCCTCCAG	FALSE
NOLC1_top_hibit_1018	GTGTCCGGATGGAGGCTCTTTAAGAAGATCTCC	CGGCGTCCGCGGAGATCTTCTTAAAGAGCCTCCATCCGGACACCATCCTCCAG	NOLC1	CGGCGTCCGC	CATCCTCCAG	FALSE
RNF1_top_hibit_224	GTGAGCGGATGGAGACTGTTTAAGAAGATTAGC	AACACCTCAGGCTAATCTTCTTAAACAGTCTCCATCCGCTCACGTAATGACTA	RNF1	AACACCTCAG	GTAATGACTA	FALSE
RNF1_top_hibit_746	GTGTCCGGATGGAGGCTGTTTAAGAAGATTTCC	AACACCTCAGGGAAATCTTCTTAAACAGCCTCCATCCGGACACGTAATGACTA	RNF1	AACACCTCAG	GTAATGACTA	FALSE
RNF1_top_hibit_750	GTGTCCGGCTGGAGGCTGTTTAAGAAGATTTCC	AACACCTCAGGGAAATCTTCTTAAACAGCCTCCAGCCGGACACGTAATGACTA	RNF1	AACACCTCAG	GTAATGACTA	FALSE
RNF1_top_hibit_556	GTGAGCGGCTGGAGGCTGTTTAAAAAAATTTCC	AACACCTCAGGGAAATTTTTTTAAACAGCCTCCAGCCGCTCACGTAATGACTA	RNF1	AACACCTCAG	GTAATGACTA	FALSE
RNF1_top_hibit_225	GTCAGCGGATGGAGACTGTTTAAGAAGATTAGC	AACACCTCAGGCTAATCTTCTTAAACAGTCTCCATCCGCTGACGTAATGACTA	RNF1	AACACCTCAG	GTAATGACTA	FALSE
TP53_top_hibit_463	GTCTCCGGCTGGAGGCTGTTCAAGAAGATCAGC	GCGGCTCCTCGCTGATCTTCTTGAACAGCCTCCAGCCGGAGACCATGGCAGTG	TP53	GCGGCTCCTC	CATGGCAGTG	FALSE
TP53_top_hibit_478	GTGTCCGGCTGGAGGCTCTTCAAGAAGATCAGC	GCGGCTCCTCGCTGATCTTCTTGAAGAGCCTCCAGCCGGACACCATGGCAGTG	TP53	GCGGCTCCTC	CATGGCAGTG	FALSE
TP53_top_hibit_972	GTGAGCGGCTGGAGGCTGTTCAAGAAGATCTCC	GCGGCTCCTCGGAGATCTTCTTGAACAGCCTCCAGCCGCTCACCATGGCAGTG	TP53	GCGGCTCCTC	CATGGCAGTG	FALSE
TP53_top_hibit_973	GTCAGCGGCTGGAGGCTGTTCAAGAAGATCTCC	GCGGCTCCTCGGAGATCTTCTTGAACAGCCTCCAGCCGCTGACCATGGCAGTG	TP53	GCGGCTCCTC	CATGGCAGTG	FALSE
TP53_top_hibit_479	GTCTCCGGCTGGAGGCTCTTCAAGAAGATCAGC	GCGGCTCCTCGCTGATCTTCTTGAAGAGCCTCCAGCCGGAGACCATGGCAGTG	TP53	GCGGCTCCTC	CATGGCAGTG	FALSE
TP53_rc_top_hibit_456	GCTGATCTTCTTGAACAGCCTCCATCCGCTCAC	CACTGCCATGGTGAGCGGATGGAGGCTGTTCAAGAAGATCAGCGAGGAGCCGC	TP53_rc	CACTGCCATG	GAGGAGCCGC	TRUE
TP53_rc_top_hibit_925	GGAGATCTTTTTGAAGAGCCTCCAGCCGCTGAC	CACTGCCATGGTCAGCGGCTGGAGGCTCTTCAAAAAGATCTCCGAGGAGCCGC	TP53_rc	CACTGCCATG	GAGGAGCCGC	TRUE
TP53_rc_top_hibit_392	GCTGATCTTTTTGAACAGCCTCCATCCGCTCAC	CACTGCCATGGTGAGCGGATGGAGGCTGTTCAAAAAGATCAGCGAGGAGCCGC	TP53_rc	CACTGCCATG	GAGGAGCCGC	TRUE
TP53_rc_top_hibit_460	GCTGATCTTCTTGAACAGCCTCCAGCCGCTCAC	CACTGCCATGGTGAGCGGCTGGAGGCTGTTCAAGAAGATCAGCGAGGAGCCGC	TP53_rc	CACTGCCATG	GAGGAGCCGC	TRUE
TP53_rc_top_hibit_351	GCTGATTTTCTTGAAGAGCCTCCAGCCGGAGAC	CACTGCCATGGTCTCCGGCTGGAGGCTCTTCAAGAAAATCAGCGAGGAGCCGC	TP53_rc	CACTGCCATG	GAGGAGCCGC	TRUE
ACTB_top_his6_2	CACCATCACCACCACCAC	TATCATCATCGTGGTGGTGGTGATGGTGCATGGTGAGC	ACTB	TATCATCATC	CATGGTGAGC	FALSE
ACTB_top_his6_4	CACCACCATCACCACCAC	TATCATCATCGTGGTGGTGATGGTGGTGCATGGTGAGC	ACTB	TATCATCATC	CATGGTGAGC	FALSE
ACTB_top_his6_32	CACCACCACCACCACCAT	TATCATCATCATGGTGGTGGTGGTGGTGCATGGTGAGC	ACTB	TATCATCATC	CATGGTGAGC	FALSE
ACTB_top_his6_8	CACCACCACCATCACCAC	TATCATCATCGTGGTGATGGTGGTGGTGCATGGTGAGC	ACTB	TATCATCATC	CATGGTGAGC	FALSE
ACTB_top_his6_16	CACCACCACCACCATCAC	TATCATCATCGTGATGGTGGTGGTGGTGCATGGTGAGC	ACTB	TATCATCATC	CATGGTGAGC	FALSE
ACTB_rc_top_his6_32	ATGGTGGTGGTGGTGGTG	GCTCACCATGCACCACCACCACCACCATGATGATGATA	ACTB_rc	GCTCACCATG	GATGATGATA	TRUE
ACTB_rc_top_his6_7	GTGGTGGTGATGATGATG	GCTCACCATGCATCATCATCACCACCACGATGATGATA	ACTB_rc	GCTCACCATG	GATGATGATA	TRUE
ACTB_rc_top_his6_14	GTGGTGATGATGATGGTG	GCTCACCATGCACCATCATCATCACCACGATGATGATA	ACTB_rc	GCTCACCATG	GATGATGATA	TRUE
ACTB_rc_top_his6_57	ATGATGATGGTGGTGATG	GCTCACCATGCATCACCACCATCATCATGATGATGATA	ACTB_rc	GCTCACCATG	GATGATGATA	TRUE
ACTB_rc_top_his6_47	ATGGTGATGATGATGATG	GCTCACCATGCATCATCATCATCACCATGATGATGATA	ACTB_rc	GCTCACCATG	GATGATGATA	TRUE
HEK3_top_his6_0	CACCACCACCACCACCAC	TCTGCCATCAGTGGTGGTGGTGGTGGTGCGTGCTCAGT	HEK3	TCTGCCATCA	CGTGCTCAGT	FALSE
HEK3_top_his6_1	CATCACCACCACCACCAC	TCTGCCATCAGTGGTGGTGGTGGTGATGCGTGCTCAGT	HEK3	TCTGCCATCA	CGTGCTCAGT	FALSE
HEK3_top_his6_32	CACCACCACCACCACCAT	TCTGCCATCAATGGTGGTGGTGGTGGTGCGTGCTCAGT	HEK3	TCTGCCATCA	CGTGCTCAGT	FALSE
HEK3_top_his6_16	CACCACCACCACCATCAC	TCTGCCATCAGTGATGGTGGTGGTGGTGCGTGCTCAGT	HEK3	TCTGCCATCA	CGTGCTCAGT	FALSE
HEK3_top_his6_8	CACCACCACCATCACCAC	TCTGCCATCAGTGGTGATGGTGGTGGTGCGTGCTCAGT	HEK3	TCTGCCATCA	CGTGCTCAGT	FALSE
LMNB1_top_his6_7	CATCATCATCACCACCAC	TCGCAGTCGCGTGGTGGTGATGATGATGCATGGCGGGC	LMNB1	TCGCAGTCGC	CATGGCGGGC	FALSE
LMNB1_top_his6_49	CATCACCACCACCATCAT	TCGCAGTCGCATGATGGTGGTGGTGATGCATGGCGGGC	LMNB1	TCGCAGTCGC	CATGGCGGGC	FALSE
LMNB1_top_his6_50	CACCATCACCACCATCAT	TCGCAGTCGCATGATGGTGGTGATGGTGCATGGCGGGC	LMNB1	TCGCAGTCGC	CATGGCGGGC	FALSE
LMNB1_top_his6_56	CACCACCACCATCATCAT	TCGCAGTCGCATGATGATGGTGGTGGTGCATGGCGGGC	LMNB1	TCGCAGTCGC	CATGGCGGGC	FALSE
LMNB1_top_his6_21	CATCACCATCACCATCAC	TCGCAGTCGCGTGATGGTGATGGTGATGCATGGCGGGC	LMNB1	TCGCAGTCGC	CATGGCGGGC	FALSE
LMNB1_rc_top_his6_32	ATGGTGGTGGTGGTGGTG	GCCCGCCATGCACCACCACCACCACCATGCGACTGCGA	LMNB1_rc	GCCCGCCATG	GCGACTGCGA	TRUE
LMNB1_rc_top_his6_40	ATGGTGATGGTGGTGGTG	GCCCGCCATGCACCACCACCATCACCATGCGACTGCGA	LMNB1_rc	GCCCGCCATG	GCGACTGCGA	TRUE
LMNB1_rc_top_his6_36	ATGGTGGTGATGGTGGTG	GCCCGCCATGCACCACCATCACCACCATGCGACTGCGA	LMNB1_rc	GCCCGCCATG	GCGACTGCGA	TRUE
LMNB1_rc_top_his6_34	ATGGTGGTGGTGATGGTG	GCCCGCCATGCACCATCACCACCACCATGCGACTGCGA	LMNB1_rc	GCCCGCCATG	GCGACTGCGA	TRUE
LMNB1_rc_top_his6_48	ATGATGGTGGTGGTGGTG	GCCCGCCATGCACCACCACCACCATCATGCGACTGCGA	LMNB1_rc	GCCCGCCATG	GCGACTGCGA	TRUE
NOLC1_top_his6_1	CATCACCACCACCACCAC	CGGCGTCCGCGTGGTGGTGGTGGTGATGCATCCTCCAG	NOLC1	CGGCGTCCGC	CATCCTCCAG	FALSE
NOLC1_top_his6_0	CACCACCACCACCACCAC	CGGCGTCCGCGTGGTGGTGGTGGTGGTGCATCCTCCAG	NOLC1	CGGCGTCCGC	CATCCTCCAG	FALSE
NOLC1_top_his6_4	CACCACCATCACCACCAC	CGGCGTCCGCGTGGTGGTGATGGTGGTGCATCCTCCAG	NOLC1	CGGCGTCCGC	CATCCTCCAG	FALSE
NOLC1_top_his6_5	CATCACCATCACCACCAC	CGGCGTCCGCGTGGTGGTGATGGTGATGCATCCTCCAG	NOLC1	CGGCGTCCGC	CATCCTCCAG	FALSE
NOLC1_top_his6_12	CACCACCATCATCACCAC	CGGCGTCCGCGTGGTGATGATGGTGGTGCATCCTCCAG	NOLC1	CGGCGTCCGC	CATCCTCCAG	FALSE
RNF1_top_his6_0	CACCACCACCACCACCAC	AACACCTCAGGTGGTGGTGGTGGTGGTGGTAATGACTA	RNF1	AACACCTCAG	GTAATGACTA	FALSE
RNF1_top_his6_16	CACCACCACCACCATCAC	AACACCTCAGGTGATGGTGGTGGTGGTGGTAATGACTA	RNF1	AACACCTCAG	GTAATGACTA	FALSE
RNF1_top_his6_2	CACCATCACCACCACCAC	AACACCTCAGGTGGTGGTGGTGATGGTGGTAATGACTA	RNF1	AACACCTCAG	GTAATGACTA	FALSE
RNF1_top_his6_32	CACCACCACCACCACCAT	AACACCTCAGATGGTGGTGGTGGTGGTGGTAATGACTA	RNF1	AACACCTCAG	GTAATGACTA	FALSE
RNF1_top_his6_1	CATCACCACCACCACCAC	AACACCTCAGGTGGTGGTGGTGGTGATGGTAATGACTA	RNF1	AACACCTCAG	GTAATGACTA	FALSE
TP53_top_his6_0	CACCACCACCACCACCAC	GCGGCTCCTCGTGGTGGTGGTGGTGGTGCATGGCAGTG	TP53	GCGGCTCCTC	CATGGCAGTG	FALSE
TP53_top_his6_1	CATCACCACCACCACCAC	GCGGCTCCTCGTGGTGGTGGTGGTGATGCATGGCAGTG	TP53	GCGGCTCCTC	CATGGCAGTG	FALSE
TP53_top_his6_32	CACCACCACCACCACCAT	GCGGCTCCTCATGGTGGTGGTGGTGGTGCATGGCAGTG	TP53	GCGGCTCCTC	CATGGCAGTG	FALSE
TP53_top_his6_2	CACCATCACCACCACCAC	GCGGCTCCTCGTGGTGGTGGTGATGGTGCATGGCAGTG	TP53	GCGGCTCCTC	CATGGCAGTG	FALSE
TP53_top_his6_4	CACCACCATCACCACCAC	GCGGCTCCTCGTGGTGGTGATGGTGGTGCATGGCAGTG	TP53	GCGGCTCCTC	CATGGCAGTG	FALSE
TP53_rc_top_his6_0	GTGGTGGTGGTGGTGGTG	CACTGCCATGCACCACCACCACCACCACGAGGAGCCGC	TP53_rc	CACTGCCATG	GAGGAGCCGC	TRUE
TP53_rc_top_his6_32	ATGGTGGTGGTGGTGGTG	CACTGCCATGCACCACCACCACCACCATGAGGAGCCGC	TP53_rc	CACTGCCATG	GAGGAGCCGC	TRUE
TP53_rc_top_his6_17	GTGATGGTGGTGGTGATG	CACTGCCATGCATCACCACCACCATCACGAGGAGCCGC	TP53_rc	CACTGCCATG	GAGGAGCCGC	TRUE
TP53_rc_top_his6_18	GTGATGGTGGTGATGGTG	CACTGCCATGCACCATCACCACCATCACGAGGAGCCGC	TP53_rc	CACTGCCATG	GAGGAGCCGC	TRUE
TP53_rc_top_his6_20	GTGATGGTGATGGTGGTG	CACTGCCATGCACCACCATCACCATCACGAGGAGCCGC	TP53_rc	CACTGCCATG	GAGGAGCCGC	TRUE
ACTB_top_linker_231958	GGGTCTTCGGGGGGGTCGTCGGGG	TATCATCATCCCCCGACGACCCCCCCGAAGACCCCATGGTGAGC	ACTB	TATCATCATC	CATGGTGAGC	FALSE
ACTB_top_linker_234258	GGGTCGTCGGGGGGGTCTTCGGGG	TATCATCATCCCCCGAAGACCCCCCCGACGACCCCATGGTGAGC	ACTB	TATCATCATC	CATGGTGAGC	FALSE
ACTB_top_linker_218127	GGTTCCTCGGGGGGGTCGTCCGGG	TATCATCATCCCCGGACGACCCCCCCGAGGAACCCATGGTGAGC	ACTB	TATCATCATC	CATGGTGAGC	FALSE
ACTB_top_linker_218702	GGGTCCTCGGGGGGTTCGTCCGGG	TATCATCATCCCCGGACGAACCCCCCGAGGACCCCATGGTGAGC	ACTB	TATCATCATC	CATGGTGAGC	FALSE
ACTB_top_linker_232502	GGGTCCTCCGGGGGTTCGTCGGGG	TATCATCATCCCCCGACGAACCCCCGGAGGACCCCATGGTGAGC	ACTB	TATCATCATC	CATGGTGAGC	FALSE
ACTB_rc_top_linker_248083	CCCAGAAGACCCCCCCGACGAACC	GCTCACCATGGGTTCGTCGGGGGGGTCTTCTGGGGATGATGATA	ACTB_rc	GCTCACCATG	GATGATGATA	TRUE
ACTB_rc_top_linker_329153	ACCAGACGAACCGCCCGACGAGCC	GCTCACCATGGGCTCGTCGGGCGGTTCGTCTGGTGATGATGATA	ACTB_rc	GCTCACCATG	GATGATGATA	TRUE
ACTB_rc_top_linker_327425	ACCAGACGATCCGCCCGACGAGCC	GCTCACCATGGGCTCGTCGGGCGGATCGTCTGGTGATGATGATA	ACTB_rc	GCTCACCATG	GATGATGATA	TRUE
ACTB_rc_top_linker_328577	ACCAGACGACCCGCCCGACGAGCC	GCTCACCATGGGCTCGTCGGGCGGGTCGTCTGGTGATGATGATA	ACTB_rc	GCTCACCATG	GATGATGATA	TRUE
ACTB_rc_top_linker_79745	TCCAGACGACCCGCCCGACGAGCC	GCTCACCATGGGCTCGTCGGGCGGGTCGTCTGGAGATGATGATA	ACTB_rc	GCTCACCATG	GATGATGATA	TRUE
HEK3_top_linker_314874	GGGTCGTCCGGGGGGTCGTCGGGT	TCTGCCATCAACCCGACGACCCCCCGGACGACCCCGTGCTCAGT	HEK3	TCTGCCATCA	CGTGCTCAGT	FALSE
HEK3_top_linker_232506	GGGTCGTCCGGGGGTTCGTCGGGG	TCTGCCATCACCCCGACGAACCCCCGGACGACCCCGTGCTCAGT	HEK3	TCTGCCATCA	CGTGCTCAGT	FALSE
HEK3_top_linker_301074	GGGTCGTCGGGGGGGTCGTCCGGT	TCTGCCATCAACCGGACGACCCCCCCGACGACCCCGTGCTCAGT	HEK3	TCTGCCATCA	CGTGCTCAGT	FALSE
HEK3_top_linker_231931	GGTTCGTCCGGGGGGTCGTCGGGG	TCTGCCATCACCCCGACGACCCCCCGGACGAACCCGTGCTCAGT	HEK3	TCTGCCATCA	CGTGCTCAGT	FALSE
HEK3_top_linker_162258	GGGTCGTCGGGGGGCTCGTCTGGC	TCTGCCATCAGCCAGACGAGCCCCCCGACGACCCCGTGCTCAGT	HEK3	TCTGCCATCA	CGTGCTCAGT	FALSE
LMNB1_top_linker_181843	GGTTCGTCGGGGGGTAGCAGTGGG	TCGCAGTCGCCCCACTGCTACCCCCCGACGAACCCATGGCGGGC	LMNB1	TCGCAGTCGC	CATGGCGGGC	FALSE
LMNB1_top_linker_181846	GGGTCTTCGGGGGGTAGCAGTGGG	TCGCAGTCGCCCCACTGCTACCCCCCGAAGACCCCATGGCGGGC	LMNB1	TCGCAGTCGC	CATGGCGGGC	FALSE
LMNB1_top_linker_225138	GGGTCGTCAGGTGGGAGTTCGGGG	TCGCAGTCGCCCCCGAACTCCCACCTGACGACCCCATGGCGGGC	LMNB1	TCGCAGTCGC	CATGGCGGGC	FALSE
LMNB1_top_linker_225570	GGGTCGTCAGGGGGTAGTTCGGGG	TCGCAGTCGCCCCCGAACTACCCCCTGACGACCCCATGGCGGGC	LMNB1	TCGCAGTCGC	CATGGCGGGC	FALSE
LMNB1_top_linker_232011	GGTAGCAGTGGTGGGTCGTCGGGG	TCGCAGTCGCCCCCGACGACCCACCACTGCTACCCATGGCGGGC	LMNB1	TCGCAGTCGC	CATGGCGGGC	FALSE
LMNB1_rc_top_linker_58783	TCCCGAACTCCCTCCACTACTACC	GCCCGCCATGGGTAGTAGTGGAGGGAGTTCGGGAGCGACTGCGA	LMNB1_rc	GCCCGCCATG	GCGACTGCGA	TRUE
LMNB1_rc_top_linker_263839	ACCACTGCTCCCTCCACTACTACC	GCCCGCCATGGGTAGTAGTGGAGGGAGCAGTGGTGCGACTGCGA	LMNB1_rc	GCCCGCCATG	GCGACTGCGA	TRUE
LMNB1_rc_top_linker_266548	ACCACTACTCCCACCGCTACTTCC	GCCCGCCATGGGAAGTAGCGGTGGGAGTAGTGGTGCGACTGCGA	LMNB1_rc	GCCCGCCATG	GCGACTGCGA	TRUE
LMNB1_rc_top_linker_15439	TCCACTGCTCCCACCACTACTACC	GCCCGCCATGGGTAGTAGTGGTGGGAGCAGTGGAGCGACTGCGA	LMNB1_rc	GCCCGCCATG	GCGACTGCGA	TRUE
LMNB1_rc_top_linker_17741	TCCACTACTCCCACCACTACTGCC	GCCCGCCATGGGCAGTAGTGGTGGGAGTAGTGGAGCGACTGCGA	LMNB1_rc	GCCCGCCATG	GCGACTGCGA	TRUE
NOLC1_top_linker_94219	GGTTCGAGTGGGGGTTCGAGCGGC	CGGCGTCCGCGCCGCTCGAACCCCCACTCGAACCCATCCTCCAG	NOLC1	CGGCGTCCGC	CATCCTCCAG	FALSE
NOLC1_top_linker_147282	GGGTCGTCGGGGGGTTCCTCGGGC	CGGCGTCCGCGCCCGAGGAACCCCCCGACGACCCCATCCTCCAG	NOLC1	CGGCGTCCGC	CATCCTCCAG	FALSE
NOLC1_top_linker_146718	GGGAGTTCTGGGGGGTCCTCGGGC	CGGCGTCCGCGCCCGAGGACCCCCCAGAACTCCCCATCCTCCAG	NOLC1	CGGCGTCCGC	CATCCTCCAG	FALSE
NOLC1_top_linker_147210	GGGTCGAGTGGGGGTTCCTCGGGC	CGGCGTCCGCGCCCGAGGAACCCCCACTCGACCCCATCCTCCAG	NOLC1	CGGCGTCCGC	CATCCTCCAG	FALSE
NOLC1_top_linker_260177	GGCTCGTCGGGGGGTTCGAGCGGT	CGGCGTCCGCACCGCTCGAACCCCCCGACGAGCCCATCCTCCAG	NOLC1	CGGCGTCCGC	CATCCTCCAG	FALSE
RNF1_top_linker_167330	GGGAGCAGCGGGGGGAGCAGCGGG	AACACCTCAGCCCGCTGCTCCCCCCGCTGCTCCCGTAATGACTA	RNF1	AACACCTCAG	GTAATGACTA	FALSE
RNF1_top_linker_167328	GGAAGCAGCGGGGGGAGCAGCGGG	AACACCTCAGCCCGCTGCTCCCCCCGCTGCTTCCGTAATGACTA	RNF1	AACACCTCAG	GTAATGACTA	FALSE
RNF1_top_linker_166178	GGGAGCAGCGGGGGAAGCAGCGGG	AACACCTCAGCCCGCTGCTTCCCCCGCTGCTCCCGTAATGACTA	RNF1	AACACCTCAG	GTAATGACTA	FALSE
RNF1_top_linker_167042	GGGAGCAGCGGAGGGAGCAGCGGG	AACACCTCAGCCCGCTGCTCCCTCCGCTGCTCCCGTAATGACTA	RNF1	AACACCTCAG	GTAATGACTA	FALSE
RNF1_top_linker_167040	GGAAGCAGCGGAGGGAGCAGCGGG	AACACCTCAGCCCGCTGCTCCCTCCGCTGCTTCCGTAATGACTA	RNF1	AACACCTCAG	GTAATGACTA	FALSE
TP53_top_linker_2460	GGATCCAGCGGCGGAAGTAGCGGA	GCGGCTCCTCTCCGCTACTTCCGCCGCTGGATCCCATGGCAGTG	TP53	GCGGCTCCTC	CATGGCAGTG	FALSE
TP53_top_linker_7060	GGAAGTAGCGGCGGATCCAGCGGA	GCGGCTCCTCTCCGCTGGATCCGCCGCTACTTCCCATGGCAGTG	TP53	GCGGCTCCTC	CATGGCAGTG	FALSE
TP53_top_linker_85260	GGATCCAGCGGAGGAAGTAGCGGC	GCGGCTCCTCGCCGCTACTTCCTCCGCTGGATCCCATGGCAGTG	TP53	GCGGCTCCTC	CATGGCAGTG	FALSE
TP53_top_linker_89860	GGAAGTAGCGGAGGATCCAGCGGC	GCGGCTCCTCGCCGCTGGATCCTCCGCTACTTCCCATGGCAGTG	TP53	GCGGCTCCTC	CATGGCAGTG	FALSE
TP53_top_linker_313733	GGCAGTTCGGGGGGATCGTCGGGT	GCGGCTCCTCACCCGACGATCCCCCCGAACTGCCCATGGCAGTG	TP53	GCGGCTCCTC	CATGGCAGTG	FALSE
TP53_rc_top_linker_59011	TCCCGAACTCCCGCCCGACGAACC	CACTGCCATGGGTTCGTCGGGCGGGAGTTCGGGAGAGGAGCCGC	TP53_rc	CACTGCCATG	GAGGAGCCGC	TRUE
TP53_rc_top_linker_273595	ACCACTCGACCCACCAGACGAACC	CACTGCCATGGGTTCGTCTGGTGGGTCGAGTGGTGAGGAGCCGC	TP53_rc	CACTGCCATG	GAGGAGCCGC	TRUE
TP53_rc_top_linker_307831	ACCCGAACTCCCGCCCGAACTACC	CACTGCCATGGGTAGTTCGGGCGGGAGTTCGGGTGAGGAGCCGC	TP53_rc	CACTGCCATG	GAGGAGCCGC	TRUE
TP53_rc_top_linker_273596	ACCACTCGACCCACCAGAAGATCC	CACTGCCATGGGATCTTCTGGTGGGTCGAGTGGTGAGGAGCCGC	TP53_rc	CACTGCCATG	GAGGAGCCGC	TRUE
TP53_rc_top_linker_315031	ACCCGACGACCCACCCGAACTACC	CACTGCCATGGGTAGTTCGGGTGGGTCGTCGGGTGAGGAGCCGC	TP53_rc	CACTGCCATG	GAGGAGCCGC	TRUE
ACTB_top_mNeongreen_761	ACCGAACTGAATTTTAAGGAGTGGCAGAAAGCCTTCACAGACATGATG	TATCATCATCCATCATGTCTGTGAAGGCTTTCTGCCACTCCTTAAAATTCAGTTCGGTCATGGTGAGC	ACTB	TATCATCATC	CATGGTGAGC	FALSE
ACTB_top_mNeongreen_1473	ACCGAACTGAACTTCAAAGAGTGGCAGAAGGCTTTTACAGACATGATG	TATCATCATCCATCATGTCTGTAAAAGCCTTCTGCCACTCTTTGAAGTTCAGTTCGGTCATGGTGAGC	ACTB	TATCATCATC	CATGGTGAGC	FALSE
ACTB_top_mNeongreen_6365	ACCGAACTCAATTTTAAAGAGTGGCAGAAAGCTTTCACCGATATGATG	TATCATCATCCATCATATCGGTGAAAGCTTTCTGCCACTCTTTAAAATTGAGTTCGGTCATGGTGAGC	ACTB	TATCATCATC	CATGGTGAGC	FALSE
ACTB_top_mNeongreen_729	ACCGAACTGAATTTTAAAGAGTGGCAGAAAGCCTTCACAGACATGATG	TATCATCATCCATCATGTCTGTGAAGGCTTTCTGCCACTCTTTAAAATTCAGTTCGGTCATGGTGAGC	ACTB	TATCATCATC	CATGGTGAGC	FALSE
ACTB_top_mNeongreen_221	ACCGAACTCAATTTTAAAGAGTGGCAGAAAGCTTTCACAGACATGATG	TATCATCATCCATCATGTCTGTGAAAGCTTTCTGCCACTCTTTAAAATTGAGTTCGGTCATGGTGAGC	ACTB	TATCATCATC	CATGGTGAGC	FALSE
ACTB_rc_top_mNeongreen_4178	CATCATATCTGTGAAAGCTTTTTGCCACTCTTTAAAGTTCAGCTCTGT	GCTCACCATGACAGAGCTGAACTTTAAAGAGTGGCAAAAAGCTTTCACAGATATGATGGATGATGATA	ACTB_rc	GCTCACCATG	GATGATGATA	TRUE
ACTB_rc_top_mNeongreen_4370	CATCATATCTGTGAAAGCCTTTTGCCATTCTTTAAAGTTCAGCTCTGT	GCTCACCATGACAGAGCTGAACTTTAAAGAATGGCAAAAGGCTTTCACAGATATGATGGATGATGATA	ACTB_rc	GCTCACCATG	GATGATGATA	TRUE
ACTB_rc_top_mNeongreen_4238	CATCATATCTGTGAAAGCTTTCTGCCATTCTTTGAAATTGAGCTCTGT	GCTCACCATGACAGAGCTCAATTTCAAAGAATGGCAGAAAGCTTTCACAGATATGATGGATGATGATA	ACTB_rc	GCTCACCATG	GATGATGATA	TRUE
ACTB_rc_top_mNeongreen_4150	CATCATATCTGTGAAAGCTTTTTGCCATTCCTTAAAGTTGAGCTCTGT	GCTCACCATGACAGAGCTCAACTTTAAGGAATGGCAAAAAGCTTTCACAGATATGATGGATGATGATA	ACTB_rc	GCTCACCATG	GATGATGATA	TRUE
ACTB_rc_top_mNeongreen_4174	CATCATATCTGTGAAAGCTTTTTGCCACTCTTTGAAATTGAGCTCTGT	GCTCACCATGACAGAGCTCAATTTCAAAGAGTGGCAAAAAGCTTTCACAGATATGATGGATGATGATA	ACTB_rc	GCTCACCATG	GATGATGATA	TRUE
HEK3_top_mNeongreen_7821	ACCGAACTCAATTTCAAAGAATGGCAGAAAGCCTTTACCGATATGATG	TCTGCCATCACATCATATCGGTAAAGGCTTTCTGCCATTCTTTGAAATTGAGTTCGGTCGTGCTCAGT	HEK3	TCTGCCATCA	CGTGCTCAGT	FALSE
HEK3_top_mNeongreen_6813	ACCGAACTCAATTTTAAAGAATGGCAGAAAGCCTTCACCGATATGATG	TCTGCCATCACATCATATCGGTGAAGGCTTTCTGCCATTCTTTAAAATTGAGTTCGGTCGTGCTCAGT	HEK3	TCTGCCATCA	CGTGCTCAGT	FALSE
HEK3_top_mNeongreen_3732	ACAGAACTCAACTTTAAAGAATGGCAGAAAGCCTTTACCGACATGATG	TCTGCCATCACATCATGTCGGTAAAGGCTTTCTGCCATTCTTTAAAGTTGAGTTCTGTCGTGCTCAGT	HEK3	TCTGCCATCA	CGTGCTCAGT	FALSE
HEK3_top_mNeongreen_660	ACAGAACTCAACTTTAAAGAATGGCAGAAAGCCTTCACAGACATGATG	TCTGCCATCACATCATGTCTGTGAAGGCTTTCTGCCATTCTTTAAAGTTGAGTTCTGTCGTGCTCAGT	HEK3	TCTGCCATCA	CGTGCTCAGT	FALSE
HEK3_top_mNeongreen_4749	ACCGAACTCAATTTCAAAGAATGGCAGAAAGCCTTCACAGATATGATG	TCTGCCATCACATCATATCTGTGAAGGCTTTCTGCCATTCTTTGAAATTGAGTTCGGTCGTGCTCAGT	HEK3	TCTGCCATCA	CGTGCTCAGT	FALSE
LMNB1_top_mNeongreen_6102	ACAGAGCTCAACTTTAAAGAGTGGCAGAAGGCCTTTACAGATATGATG	TCGCAGTCGCCATCATATCTGTAAAGGCCTTCTGCCACTCTTTAAAGTTGAGCTCTGTCATGGCGGGC	LMNB1	TCGCAGTCGC	CATGGCGGGC	FALSE
LMNB1_top_mNeongreen_1692	ACAGAACTCAATTTTAAAGAATGGCAGAAAGCCTTTACAGACATGATG	TCGCAGTCGCCATCATGTCTGTAAAGGCTTTCTGCCATTCTTTAAAATTGAGTTCTGTCATGGCGGGC	LMNB1	TCGCAGTCGC	CATGGCGGGC	FALSE
LMNB1_top_mNeongreen_7325	ACCGAACTCAATTTTAAAGAATGGCAGAAAGCTTTTACCGATATGATG	TCGCAGTCGCCATCATATCGGTAAAAGCTTTCTGCCATTCTTTAAAATTGAGTTCGGTCATGGCGGGC	LMNB1	TCGCAGTCGC	CATGGCGGGC	FALSE
LMNB1_top_mNeongreen_274	ACAGAGCTGAACTTTAAAGAATGGCAAAAGGCTTTCACAGACATGATG	TCGCAGTCGCCATCATGTCTGTGAAAGCCTTTTGCCATTCTTTAAAGTTCAGCTCTGTCATGGCGGGC	LMNB1	TCGCAGTCGC	CATGGCGGGC	FALSE
LMNB1_top_mNeongreen_278	ACAGAGCTCAACTTTAAAGAATGGCAAAAGGCTTTCACAGACATGATG	TCGCAGTCGCCATCATGTCTGTGAAAGCCTTTTGCCATTCTTTAAAGTTGAGCTCTGTCATGGCGGGC	LMNB1	TCGCAGTCGC	CATGGCGGGC	FALSE
LMNB1_rc_top_mNeongreen_6741	CATCATATCGGTGAAGGCTTTTTGCCACTCTTTAAAGTTGAGTTCGGT	GCCCGCCATGACCGAACTCAACTTTAAAGAGTGGCAAAAAGCCTTCACCGATATGATGGCGACTGCGA	LMNB1_rc	GCCCGCCATG	GCGACTGCGA	TRUE
LMNB1_rc_top_mNeongreen_5776	CATCATATCTGTAAAGGCTTTCTGCCATTCTTTAAAGTTCAGTTCTGT	GCCCGCCATGACAGAACTGAACTTTAAAGAATGGCAGAAAGCCTTTACAGATATGATGGCGACTGCGA	LMNB1_rc	GCCCGCCATG	GCGACTGCGA	TRUE
LMNB1_rc_top_mNeongreen_4364	CATCATATCTGTGAAAGCCTTTTGCCATTCTTTGAAATTGAGTTCTGT	GCCCGCCATGACAGAACTCAATTTCAAAGAATGGCAAAAGGCTTTCACAGATATGATGGCGACTGCGA	LMNB1_rc	GCCCGCCATG	GCGACTGCGA	TRUE
LMNB1_rc_top_mNeongreen_4140	CATCATATCTGTGAAAGCTTTTTGCCATTCCTTGAAATTGAGTTCTGT	GCCCGCCATGACAGAACTCAATTTCAAGGAATGGCAAAAAGCTTTCACAGATATGATGGCGACTGCGA	LMNB1_rc	GCCCGCCATG	GCGACTGCGA	TRUE
LMNB1_rc_top_mNeongreen_3716	CATCATGTCGGTAAAGGCTTTCTGCCATTCTTTGAAGTTGAGTTCTGT	GCCCGCCATGACAGAACTCAACTTCAAAGAATGGCAGAAAGCCTTTACCGACATGATGGCGACTGCGA	LMNB1_rc	GCCCGCCATG	GCGACTGCGA	TRUE
NOLC1_top_mNeongreen_7163	ACCGAGCTGAATTTTAAGGAGTGGCAGAAGGCCTTCACCGATATGATG	CGGCGTCCGCCATCATATCGGTGAAGGCCTTCTGCCACTCCTTAAAATTCAGCTCGGTCATCCTCCAG	NOLC1	CGGCGTCCGC	CATCCTCCAG	FALSE
NOLC1_top_mNeongreen_2693	ACCGAACTCAACTTCAAAGAATGGCAGAAAGCCTTCACCGACATGATG	CGGCGTCCGCCATCATGTCGGTGAAGGCTTTCTGCCATTCTTTGAAGTTGAGTTCGGTCATCCTCCAG	NOLC1	CGGCGTCCGC	CATCCTCCAG	FALSE
NOLC1_top_mNeongreen_7651	ACCGAGCTGAACTTCAAGGAGTGGCAGAAGGCTTTTACCGATATGATG	CGGCGTCCGCCATCATATCGGTAAAAGCCTTCTGCCACTCCTTGAAGTTCAGCTCGGTCATCCTCCAG	NOLC1	CGGCGTCCGC	CATCCTCCAG	FALSE
NOLC1_top_mNeongreen_2018	ACAGAGCTGAACTTCAAGGAGTGGCAGAAGGCCTTTACAGACATGATG	CGGCGTCCGCCATCATGTCTGTAAAGGCCTTCTGCCACTCCTTGAAGTTCAGCTCTGTCATCCTCCAG	NOLC1	CGGCGTCCGC	CATCCTCCAG	FALSE
NOLC1_top_mNeongreen_4579	ACCGAGCTGAACTTCAAGGAGTGGCAGAAGGCTTTCACAGATATGATG	CGGCGTCCGCCATCATATCTGTGAAAGCCTTCTGCCACTCCTTGAAGTTCAGCTCGGTCATCCTCCAG	NOLC1	CGGCGTCCGC	CATCCTCCAG	FALSE
RNF1_top_mNeongreen_4757	ACCGAACTCAACTTTAAAGAATGGCAGAAAGCCTTCACAGATATGATG	AACACCTCAGCATCATATCTGTGAAGGCTTTCTGCCATTCTTTAAAGTTGAGTTCGGTGTAATGACTA	RNF1	AACACCTCAG	GTAATGACTA	FALSE
RNF1_top_mNeongreen_5765	ACCGAACTCAACTTCAAAGAATGGCAGAAAGCCTTTACAGATATGATG	AACACCTCAGCATCATATCTGTAAAGGCTTTCTGCCATTCTTTGAAGTTGAGTTCGGTGTAATGACTA	RNF1	AACACCTCAG	GTAATGACTA	FALSE
RNF1_top_mNeongreen_4749	ACCGAACTCAATTTCAAAGAATGGCAGAAAGCCTTCACAGATATGATG	AACACCTCAGCATCATATCTGTGAAGGCTTTCTGCCATTCTTTGAAATTGAGTTCGGTGTAATGACTA	RNF1	AACACCTCAG	GTAATGACTA	FALSE
RNF1_top_mNeongreen_4740	ACAGAACTCAACTTCAAAGAATGGCAGAAAGCCTTCACAGATATGATG	AACACCTCAGCATCATATCTGTGAAGGCTTTCTGCCATTCTTTGAAGTTGAGTTCTGTGTAATGACTA	RNF1	AACACCTCAG	GTAATGACTA	FALSE
RNF1_top_mNeongreen_4812	ACAGAACTCAATTTCAAAGAGTGGCAGAAAGCCTTCACAGATATGATG	AACACCTCAGCATCATATCTGTGAAGGCTTTCTGCCACTCTTTGAAATTGAGTTCTGTGTAATGACTA	RNF1	AACACCTCAG	GTAATGACTA	FALSE
TP53_top_mNeongreen_3205	ACCGAACTCAACTTCAAAGAATGGCAGAAAGCTTTTACCGACATGATG	GCGGCTCCTCCATCATGTCGGTAAAAGCTTTCTGCCATTCTTTGAAGTTGAGTTCGGTCATGGCAGTG	TP53	GCGGCTCCTC	CATGGCAGTG	FALSE
TP53_top_mNeongreen_5559	ACCGAGCTCAACTTTAAGGAATGGCAGAAGGCTTTTACAGATATGATG	GCGGCTCCTCCATCATATCTGTAAAAGCCTTCTGCCATTCCTTAAAGTTGAGCTCGGTCATGGCAGTG	TP53	GCGGCTCCTC	CATGGCAGTG	FALSE
TP53_top_mNeongreen_7607	ACCGAGCTCAACTTTAAGGAATGGCAGAAGGCTTTTACCGATATGATG	GCGGCTCCTCCATCATATCGGTAAAAGCCTTCTGCCATTCCTTAAAGTTGAGCTCGGTCATGGCAGTG	TP53	GCGGCTCCTC	CATGGCAGTG	FALSE
TP53_top_mNeongreen_7575	ACCGAGCTCAACTTTAAAGAATGGCAGAAGGCTTTTACCGATATGATG	GCGGCTCCTCCATCATATCGGTAAAAGCCTTCTGCCATTCTTTAAAGTTGAGCTCGGTCATGGCAGTG	TP53	GCGGCTCCTC	CATGGCAGTG	FALSE
TP53_top_mNeongreen_3204	ACAGAACTCAACTTCAAAGAATGGCAGAAAGCTTTTACCGACATGATG	GCGGCTCCTCCATCATGTCGGTAAAAGCTTTCTGCCATTCTTTGAAGTTGAGTTCTGTCATGGCAGTG	TP53	GCGGCTCCTC	CATGGCAGTG	FALSE
TP53_rc_top_mNeongreen_4115	CATCATATCTGTGAAAGCTTTTTGCCATTCTTTAAAGTTCAGCTCGGT	CACTGCCATGACCGAGCTGAACTTTAAAGAATGGCAAAAAGCTTTCACAGATATGATGGAGGAGCCGC	TP53_rc	CACTGCCATG	GAGGAGCCGC	TRUE
TP53_rc_top_mNeongreen_1558	CATCATGTCTGTAAAGGCTTTTTGCCATTCTTTAAAGTTGAGCTCTGT	CACTGCCATGACAGAGCTCAACTTTAAAGAATGGCAAAAAGCCTTTACAGACATGATGGAGGAGCCGC	TP53_rc	CACTGCCATG	GAGGAGCCGC	TRUE
TP53_rc_top_mNeongreen_84	CATCATGTCTGTGAAAGCTTTTTGCCACTCTTTAAAGTTGAGTTCTGT	CACTGCCATGACAGAACTCAACTTTAAAGAGTGGCAAAAAGCTTTCACAGACATGATGGAGGAGCCGC	TP53_rc	CACTGCCATG	GAGGAGCCGC	TRUE
TP53_rc_top_mNeongreen_4102	CATCATATCTGTGAAAGCTTTTTGCCATTCTTTGAAGTTGAGCTCTGT	CACTGCCATGACAGAGCTCAACTTCAAAGAATGGCAAAAAGCTTTCACAGATATGATGGAGGAGCCGC	TP53_rc	CACTGCCATG	GAGGAGCCGC	TRUE
TP53_rc_top_mNeongreen_6166	CATCATATCGGTGAAAGCTTTTTGCCATTCTTTAAAGTTGAGCTCTGT	CACTGCCATGACAGAGCTCAACTTTAAAGAATGGCAAAAAGCTTTCACCGATATGATGGAGGAGCCGC	TP53_rc	CACTGCCATG	GAGGAGCCGC	TRUE
ACTB_top_mNeongreen_linker_35720	GGAAGCAGCGGCACAGAACTGAATTTTAAGGAATGGCAGAAAGCTTTCACCGACATGATG	TATCATCATCCATCATGTCGGTGAAAGCTTTCTGCCATTCCTTAAAATTCAGTTCTGTGCCGCTGCTTCCCATGGTGAGC	ACTB	TATCATCATC	CATGGTGAGC	FALSE
ACTB_top_mNeongreen_linker_23326	GGATCCTCCGGCACCGAACTGAACTTTAAGGAATGGCAGAAGGCTTTTACAGACATGATG	TATCATCATCCATCATGTCTGTAAAAGCCTTCTGCCATTCCTTAAAGTTCAGTTCGGTGCCGGAGGATCCCATGGTGAGC	ACTB	TATCATCATC	CATGGTGAGC	FALSE
ACTB_top_mNeongreen_linker_77795	GGCTCCAGCGGAACAGAGCTCAATTTTAAGGAGTGGCAGAAAGCCTTCACAGATATGATG	TATCATCATCCATCATATCTGTGAAGGCTTTCTGCCACTCCTTAAAATTGAGCTCTGTTCCGCTGGAGCCCATGGTGAGC	ACTB	TATCATCATC	CATGGTGAGC	FALSE
ACTB_top_mNeongreen_linker_94195	GGCTCCAGCGGAACCGAGCTCAATTTTAAGGAGTGGCAGAAAGCCTTTACAGATATGATG	TATCATCATCCATCATATCTGTAAAGGCTTTCTGCCACTCCTTAAAATTGAGCTCGGTTCCGCTGGAGCCCATGGTGAGC	ACTB	TATCATCATC	CATGGTGAGC	FALSE
ACTB_top_mNeongreen_linker_126947	GGCTCCAGCGGAACAGAGCTCAATTTTAAGGAGTGGCAGAAAGCCTTTACCGATATGATG	TATCATCATCCATCATATCGGTAAAGGCTTTCTGCCACTCCTTAAAATTGAGCTCTGTTCCGCTGGAGCCCATGGTGAGC	ACTB	TATCATCATC	CATGGTGAGC	FALSE
ACTB_rc_top_mNeongreen_linker_74370	CATCATATCTGTGAAGGCTTTTTGCCATTCCTTGAAATTCAGTTCTGTTCCGCTGGATCC	GCTCACCATGGGATCCAGCGGAACAGAACTGAATTTCAAGGAATGGCAAAAAGCCTTCACAGATATGATGGATGATGATA	ACTB_rc	GCTCACCATG	GATGATGATA	TRUE
ACTB_rc_top_mNeongreen_linker_74498	CATCATATCTGTGAAGGCTTTTTGCCATTCCTTAAAGTTCAGTTCTGTTCCGCTGGATCC	GCTCACCATGGGATCCAGCGGAACAGAACTGAACTTTAAGGAATGGCAAAAAGCCTTCACAGATATGATGGATGATGATA	ACTB_rc	GCTCACCATG	GATGATGATA	TRUE
ACTB_rc_top_mNeongreen_linker_75010	CATCATATCTGTGAAGGCTTTTTGCCACTCTTTAAAGTTCAGTTCTGTTCCGCTGGATCC	GCTCACCATGGGATCCAGCGGAACAGAACTGAACTTTAAAGAGTGGCAAAAAGCCTTCACAGATATGATGGATGATGATA	ACTB_rc	GCTCACCATG	GATGATGATA	TRUE
ACTB_rc_top_mNeongreen_linker_76546	CATCATATCTGTGAAGGCTTTCTGCCATTCCTTAAAGTTCAGTTCTGTTCCGCTGGATCC	GCTCACCATGGGATCCAGCGGAACAGAACTGAACTTTAAGGAATGGCAGAAAGCCTTCACAGATATGATGGATGATGATA	ACTB_rc	GCTCACCATG	GATGATGATA	TRUE
ACTB_rc_top_mNeongreen_linker_91331	CATCATATCTGTAAAGGCTTTTTGCCACTCTTTGAAATTGAGTTCTGTTCCGCTGGAGCC	GCTCACCATGGGCTCCAGCGGAACAGAACTCAATTTCAAAGAGTGGCAAAAAGCCTTTACAGATATGATGGATGATGATA	ACTB_rc	GCTCACCATG	GATGATGATA	TRUE
HEK3_top_mNeongreen_linker_2989	GGCAGCTCCGGCACAGAGCTGAATTTTAAGGAATGGCAGAAAGCTTTCACAGACATGATG	TCTGCCATCACATCATGTCTGTGAAAGCTTTCTGCCATTCCTTAAAATTCAGCTCTGTGCCGGAGCTGCCCGTGCTCAGT	HEK3	TCTGCCATCA	CGTGCTCAGT	FALSE
HEK3_top_mNeongreen_linker_6573	GGCAGCTCCGGCACAGAGCTGAATTTTAAAGAATGGCAGAAGGCTTTCACAGACATGATG	TCTGCCATCACATCATGTCTGTGAAAGCCTTCTGCCATTCTTTAAAATTCAGCTCTGTGCCGGAGCTGCCCGTGCTCAGT	HEK3	TCTGCCATCA	CGTGCTCAGT	FALSE
HEK3_top_mNeongreen_linker_108984	GGAAGCAGCGGCACCGAGCTGAATTTTAAAGAATGGCAGAAAGCCTTCACCGATATGATG	TCTGCCATCACATCATATCGGTGAAGGCTTTCTGCCATTCTTTAAAATTCAGCTCGGTGCCGCTGCTTCCCGTGCTCAGT	HEK3	TCTGCCATCA	CGTGCTCAGT	FALSE
HEK3_top_mNeongreen_linker_11169	GGCAGCAGCGGAACAGAGCTGAATTTTAAGGAATGGCAGAAAGCCTTCACAGACATGATG	TCTGCCATCACATCATGTCTGTGAAGGCTTTCTGCCATTCCTTAAAATTCAGCTCTGTTCCGCTGCTGCCCGTGCTCAGT	HEK3	TCTGCCATCA	CGTGCTCAGT	FALSE
HEK3_top_mNeongreen_linker_11176	GGAAGCAGCGGCACAGAGCTGAATTTTAAGGAATGGCAGAAAGCCTTCACAGACATGATG	TCTGCCATCACATCATGTCTGTGAAGGCTTTCTGCCATTCCTTAAAATTCAGCTCTGTGCCGCTGCTTCCCGTGCTCAGT	HEK3	TCTGCCATCA	CGTGCTCAGT	FALSE
LMNB1_top_mNeongreen_linker_68768	GGAAGCAGCGGAACAGAGCTGAATTTCAAAGAGTGGCAGAAAGCTTTCACAGATATGATG	TCGCAGTCGCCATCATATCTGTGAAAGCTTTCTGCCACTCTTTGAAATTCAGCTCTGTTCCGCTGCTTCCCATGGCGGGC	LMNB1	TCGCAGTCGC	CATGGCGGGC	FALSE
LMNB1_top_mNeongreen_linker_73376	GGAAGCAGCGGAACAGAGCTGAATTTCAAGGAGTGGCAGAAGGCTTTCACAGATATGATG	TCGCAGTCGCCATCATATCTGTGAAAGCCTTCTGCCACTCCTTGAAATTCAGCTCTGTTCCGCTGCTTCCCATGGCGGGC	LMNB1	TCGCAGTCGC	CATGGCGGGC	FALSE
LMNB1_top_mNeongreen_linker_69280	GGAAGCAGCGGAACAGAGCTGAATTTCAAGGAGTGGCAGAAAGCTTTCACAGATATGATG	TCGCAGTCGCCATCATATCTGTGAAAGCTTTCTGCCACTCCTTGAAATTCAGCTCTGTTCCGCTGCTTCCCATGGCGGGC	LMNB1	TCGCAGTCGC	CATGGCGGGC	FALSE
LMNB1_top_mNeongreen_linker_72864	GGAAGCAGCGGAACAGAGCTGAATTTCAAAGAGTGGCAGAAGGCTTTCACAGATATGATG	TCGCAGTCGCCATCATATCTGTGAAAGCCTTCTGCCACTCTTTGAAATTCAGCTCTGTTCCGCTGCTTCCCATGGCGGGC	LMNB1	TCGCAGTCGC	CATGGCGGGC	FALSE
LMNB1_top_mNeongreen_linker_65664	GGAAGCAGCGGAACAGAACTGAATTTCAAAGAATGGCAAAAAGCTTTCACAGATATGATG	TCGCAGTCGCCATCATATCTGTGAAAGCTTTTTGCCATTCTTTGAAATTCAGTTCTGTTCCGCTGCTTCCCATGGCGGGC	LMNB1	TCGCAGTCGC	CATGGCGGGC	FALSE
LMNB1_rc_top_mNeongreen_linker_74498	CATCATATCTGTGAAGGCTTTTTGCCATTCCTTAAAGTTCAGTTCTGTTCCGCTGGATCC	GCCCGCCATGGGATCCAGCGGAACAGAACTGAACTTTAAGGAATGGCAAAAAGCCTTCACAGATATGATGGCGACTGCGA	LMNB1_rc	GCCCGCCATG	GCGACTGCGA	TRUE
LMNB1_rc_top_mNeongreen_linker_75010	CATCATATCTGTGAAGGCTTTTTGCCACTCTTTAAAGTTCAGTTCTGTTCCGCTGGATCC	GCCCGCCATGGGATCCAGCGGAACAGAACTGAACTTTAAAGAGTGGCAAAAAGCCTTCACAGATATGATGGCGACTGCGA	LMNB1_rc	GCCCGCCATG	GCGACTGCGA	TRUE
LMNB1_rc_top_mNeongreen_linker_24739	CATCATGTCTGTAAAGGCTTTTTGCCATTCTTTGAAATTCAGCTCTGTTCCGCTGGAGCC	GCCCGCCATGGGCTCCAGCGGAACAGAGCTGAATTTCAAAGAATGGCAAAAAGCCTTTACAGACATGATGGCGACTGCGA	LMNB1_rc	GCCCGCCATG	GCGACTGCGA	TRUE
LMNB1_rc_top_mNeongreen_linker_24867	CATCATGTCTGTAAAGGCTTTTTGCCATTCTTTAAAGTTCAGCTCTGTTCCGCTGGAGCC	GCCCGCCATGGGCTCCAGCGGAACAGAGCTGAACTTTAAAGAATGGCAAAAAGCCTTTACAGACATGATGGCGACTGCGA	LMNB1_rc	GCCCGCCATG	GCGACTGCGA	TRUE
LMNB1_rc_top_mNeongreen_linker_90147	CATCATATCTGTAAAGGCTTTTTGCCATTCTTTGAAGTTCAGCTCTGTTCCGCTGGAGCC	GCCCGCCATGGGCTCCAGCGGAACAGAGCTGAACTTCAAAGAATGGCAAAAAGCCTTTACAGATATGATGGCGACTGCGA	LMNB1_rc	GCCCGCCATG	GCGACTGCGA	TRUE
NOLC1_top_mNeongreen_linker_57216	GGAAGCAGCGGAACAGAACTGAATTTTAAGGAGTGGCAGAAGGCTTTTACCGACATGATG	CGGCGTCCGCCATCATGTCGGTAAAAGCCTTCTGCCACTCCTTAAAATTCAGTTCTGTTCCGCTGCTTCCCATCCTCCAG	NOLC1	CGGCGTCCGC	CATCCTCCAG	FALSE
NOLC1_top_mNeongreen_linker_24464	GGAAGCAGCGGAACCGAACTGAATTTTAAGGAGTGGCAGAAGGCTTTTACAGACATGATG	CGGCGTCCGCCATCATGTCTGTAAAAGCCTTCTGCCACTCCTTAAAATTCAGTTCGGTTCCGCTGCTTCCCATCCTCCAG	NOLC1	CGGCGTCCGC	CATCCTCCAG	FALSE
NOLC1_top_mNeongreen_linker_24192	GGAAGCAGCGGAACAGAACTGAATTTCAAGGAGTGGCAGAAGGCTTTTACAGACATGATG	CGGCGTCCGCCATCATGTCTGTAAAAGCCTTCTGCCACTCCTTGAAATTCAGTTCTGTTCCGCTGCTTCCCATCCTCCAG	NOLC1	CGGCGTCCGC	CATCCTCCAG	FALSE
NOLC1_top_mNeongreen_linker_22952	GGAAGCAGCGGCACAGAGCTGAATTTTAAAGAATGGCAGAAGGCTTTTACAGACATGATG	CGGCGTCCGCCATCATGTCTGTAAAAGCCTTCTGCCATTCTTTAAAATTCAGCTCTGTGCCGCTGCTTCCCATCCTCCAG	NOLC1	CGGCGTCCGC	CATCCTCCAG	FALSE
NOLC1_top_mNeongreen_linker_89872	GGAAGCAGCGGAACCGAACTGAACTTTAAGGAGTGGCAGAAGGCTTTTACAGATATGATG	CGGCGTCCGCCATCATATCTGTAAAAGCCTTCTGCCACTCCTTAAAGTTCAGTTCGGTTCCGCTGCTTCCCATCCTCCAG	NOLC1	CGGCGTCCGC	CATCCTCCAG	FALSE
RNF1_top_mNeongreen_linker_109113	GGCAGCAGCGGCACCGAGCTGAACTTCAAGGAATGGCAGAAAGCCTTCACCGATATGATG	AACACCTCAGCATCATATCGGTGAAGGCTTTCTGCCATTCCTTGAAGTTCAGCTCGGTGCCGCTGCTGCCGTAATGACTA	RNF1	AACACCTCAG	GTAATGACTA	FALSE
RNF1_top_mNeongreen_linker_112697	GGCAGCAGCGGCACCGAGCTGAACTTCAAAGAATGGCAGAAGGCCTTCACCGATATGATG	AACACCTCAGCATCATATCGGTGAAGGCCTTCTGCCATTCTTTGAAGTTCAGCTCGGTGCCGCTGCTGCCGTAATGACTA	RNF1	AACACCTCAG	GTAATGACTA	FALSE
RNF1_top_mNeongreen_linker_44617	GGCAGCAGCGGCACAGAACTCAACTTCAAGGAGTGGCAGAAAGCCTTCACCGACATGATG	AACACCTCAGCATCATGTCGGTGAAGGCTTTCTGCCACTCCTTGAAGTTGAGTTCTGTGCCGCTGCTGCCGTAATGACTA	RNF1	AACACCTCAG	GTAATGACTA	FALSE
RNF1_top_mNeongreen_linker_11865	GGCAGCAGCGGCACCGAACTCAACTTCAAGGAGTGGCAGAAAGCCTTCACAGACATGATG	AACACCTCAGCATCATGTCTGTGAAGGCTTTCTGCCACTCCTTGAAGTTGAGTTCGGTGCCGCTGCTGCCGTAATGACTA	RNF1	AACACCTCAG	GTAATGACTA	FALSE
RNF1_top_mNeongreen_linker_15449	GGCAGCAGCGGCACCGAACTCAACTTCAAAGAGTGGCAGAAGGCCTTCACAGACATGATG	AACACCTCAGCATCATGTCTGTGAAGGCCTTCTGCCACTCTTTGAAGTTGAGTTCGGTGCCGCTGCTGCCGTAATGACTA	RNF1	AACACCTCAG	GTAATGACTA	FALSE
TP53_top_mNeongreen_linker_84408	GGAAGCAGCGGCACCGAGCTGAATTTTAAAGAATGGCAGAAAGCTTTTACAGATATGATG	GCGGCTCCTCCATCATATCTGTAAAAGCTTTCTGCCATTCTTTAAAATTCAGCTCGGTGCCGCTGCTTCCCATGGCAGTG	TP53	GCGGCTCCTC	CATGGCAGTG	FALSE
TP53_top_mNeongreen_linker_117153	GGCAGCAGCGGAACAGAGCTGAATTTTAAAGAATGGCAGAAAGCTTTTACCGATATGATG	GCGGCTCCTCCATCATATCGGTAAAAGCTTTCTGCCATTCTTTAAAATTCAGCTCTGTTCCGCTGCTGCCCATGGCAGTG	TP53	GCGGCTCCTC	CATGGCAGTG	FALSE
TP53_top_mNeongreen_linker_117160	GGAAGCAGCGGCACAGAGCTGAATTTTAAAGAATGGCAGAAAGCTTTTACCGATATGATG	GCGGCTCCTCCATCATATCGGTAAAAGCTTTCTGCCATTCTTTAAAATTCAGCTCTGTGCCGCTGCTTCCCATGGCAGTG	TP53	GCGGCTCCTC	CATGGCAGTG	FALSE
TP53_top_mNeongreen_linker_68008	GGAAGCAGCGGCACAGAGCTGAATTTTAAAGAATGGCAGAAAGCTTTCACAGATATGATG	GCGGCTCCTCCATCATATCTGTGAAAGCTTTCTGCCATTCTTTAAAATTCAGCTCTGTGCCGCTGCTTCCCATGGCAGTG	TP53	GCGGCTCCTC	CATGGCAGTG	FALSE
TP53_top_mNeongreen_linker_84136	GGAAGCAGCGGCACAGAGCTGAATTTCAAAGAATGGCAGAAAGCTTTTACAGATATGATG	GCGGCTCCTCCATCATATCTGTAAAAGCTTTCTGCCATTCTTTGAAATTCAGCTCTGTGCCGCTGCTTCCCATGGCAGTG	TP53	GCGGCTCCTC	CATGGCAGTG	FALSE
TP53_rc_top_mNeongreen_linker_93867	CATCATATCTGTAAAGGCTTTCTGCCACTCCTTGAAATTCAGCTCTGTGCCGCTGGAGCC	CACTGCCATGGGCTCCAGCGGCACAGAGCTGAATTTCAAGGAGTGGCAGAAAGCCTTTACAGATATGATGGAGGAGCCGC	TP53_rc	CACTGCCATG	GAGGAGCCGC	TRUE
TP53_rc_top_mNeongreen_linker_7524	CATCATGTCTGTGAAAGCCTTCTGCCACTCTTTAAAGTTGAGCTCTGTTCCGGAGCTTCC	CACTGCCATGGGAAGCTCCGGAACAGAGCTCAACTTTAAAGAGTGGCAGAAGGCTTTCACAGACATGATGGAGGAGCCGC	TP53_rc	CACTGCCATG	GAGGAGCCGC	TRUE
TP53_rc_top_mNeongreen_linker_126610	CATCATATCGGTAAAGGCTTTCTGCCACTCCTTGAAATTCAGTTCGGTTCCGCTGGATCC	CACTGCCATGGGATCCAGCGGAACCGAACTGAATTTCAAGGAGTGGCAGAAAGCCTTTACCGATATGATGGAGGAGCCGC	TP53_rc	CACTGCCATG	GAGGAGCCGC	TRUE
TP53_rc_top_mNeongreen_linker_128692	CATCATATCGGTAAAGGCCTTTTGCCACTCCTTGAAATTCAGCTCGGTTCCGGAGCTTCC	CACTGCCATGGGAAGCTCCGGAACCGAGCTGAATTTCAAGGAGTGGCAAAAGGCCTTTACCGATATGATGGAGGAGCCGC	TP53_rc	CACTGCCATG	GAGGAGCCGC	TRUE
TP53_rc_top_mNeongreen_linker_27956	CATCATGTCTGTAAAGGCTTTCTGCCACTCTTTAAAGTTCAGCTCGGTTCCGGAGCTTCC	CACTGCCATGGGAAGCTCCGGAACCGAGCTGAACTTTAAAGAGTGGCAGAAAGCCTTTACAGACATGATGGAGGAGCCGC	TP53_rc	CACTGCCATG	GAGGAGCCGC	TRUE
ACTB_top_superdegron_54857	TTCCAGTGCAACCAGTGCGGAGCCAGCTTCACCCAGAAAGGCAACCTCCTCAGACACATTAAACTGCAC	TATCATCATCGTGCAGTTTAATGTGTCTGAGGAGGTTGCCTTTCTGGGTGAAGCTGGCTCCGCACTGGTTGCACTGGAACATGGTGAGC	ACTB	TATCATCATC	CATGGTGAGC	FALSE
ACTB_top_superdegron_317005	TTCCAGTGCAATCAGTGCGGAGCCAGCTTCACCCAGAAAGGCAACCTCCTCAGACACATCAAACTGCAC	TATCATCATCGTGCAGTTTGATGTGTCTGAGGAGGTTGCCTTTCTGGGTGAAGCTGGCTCCGCACTGATTGCACTGGAACATGGTGAGC	ACTB	TATCATCATC	CATGGTGAGC	FALSE
ACTB_top_superdegron_325193	TTCCAGTGCAACCAGTGCGGAGCCAGCTTCACCCAGAAAGGCAATCTCCTCAGACACATCAAACTGCAC	TATCATCATCGTGCAGTTTGATGTGTCTGAGGAGATTGCCTTTCTGGGTGAAGCTGGCTCCGCACTGGTTGCACTGGAACATGGTGAGC	ACTB	TATCATCATC	CATGGTGAGC	FALSE
ACTB_top_superdegron_1349197	TTCCAGTGCAATCAGTGCGGAGCCAGCTTCACCCAGAAAGGCAACCTGCTCAGACACATCAAACTCCAC	TATCATCATCGTGGAGTTTGATGTGTCTGAGCAGGTTGCCTTTCTGGGTGAAGCTGGCTCCGCACTGATTGCACTGGAACATGGTGAGC	ACTB	TATCATCATC	CATGGTGAGC	FALSE
ACTB_top_superdegron_1438793	TTCCAGTGCAACCAGTGCGGAGCCAGCTTCACACAGAAAGGCAATCTCCTCAGGCACATCAAACTCCAC	TATCATCATCGTGGAGTTTGATGTGCCTGAGGAGATTGCCTTTCTGTGTGAAGCTGGCTCCGCACTGGTTGCACTGGAACATGGTGAGC	ACTB	TATCATCATC	CATGGTGAGC	FALSE
ACTB_rc_top_superdegron_1212853	GTGGAGTTTAATATGTCTGAGCAGGTTTCCTTTTTGTGTAAAGGAAGCGCCACATTGATTGCACTGGAA	GCTCACCATGTTCCAGTGCAATCAATGTGGCGCTTCCTTTACACAAAAAGGAAACCTGCTCAGACATATTAAACTCCACGATGATGATA	ACTB_rc	GCTCACCATG	GATGATGATA	TRUE
ACTB_rc_top_superdegron_1614258	GTGGAGCTTAATGTGTCTGAGCAGATTTCCTTTTTGTGTAAAGGAAGCGCCACATTGGTTACATTGGAA	GCTCACCATGTTCCAATGTAACCAATGTGGCGCTTCCTTTACACAAAAAGGAAATCTGCTCAGACACATTAAGCTCCACGATGATGATA	ACTB_rc	GCTCACCATG	GATGATGATA	TRUE
ACTB_rc_top_superdegron_1761652	GTGGAGCTTAATATGTCTGAGGAGATTTCCTTTTTGTGTAAAGCTGGCGCCACATTGATTGCATTGGAA	GCTCACCATGTTCCAATGCAATCAATGTGGCGCCAGCTTTACACAAAAAGGAAATCTCCTCAGACATATTAAGCTCCACGATGATGATA	ACTB_rc	GCTCACCATG	GATGATGATA	TRUE
ACTB_rc_top_superdegron_1049375	GTGGAGTTTAATGTGTCTCAGCAGGTTTCCTTTTTGGGTAAAGCTAGCTCCACACTGATTACACTGGAA	GCTCACCATGTTCCAGTGTAATCAGTGTGGAGCTAGCTTTACCCAAAAAGGAAACCTGCTGAGACACATTAAACTCCACGATGATGATA	ACTB_rc	GCTCACCATG	GATGATGATA	TRUE
ACTB_rc_top_superdegron_1209117	GTGGAGTTTAATATGTCTCAGGAGATTGCCTTTTTGGGTAAAGCTAGCTCCACACTGATTGCACTGGAA	GCTCACCATGTTCCAGTGCAATCAGTGTGGAGCTAGCTTTACCCAAAAAGGCAATCTCCTGAGACATATTAAACTCCACGATGATGATA	ACTB_rc	GCTCACCATG	GATGATGATA	TRUE
HEK3_top_superdegron_841443	TTCCAGTGTAACCAATGCGGCGCCTCCTTCACCCAGAAAGGCAACCTCCTCAGACACATCAAGCTGCAC	TCTGCCATCAGTGCAGCTTGATGTGTCTGAGGAGGTTGCCTTTCTGGGTGAAGGAGGCGCCGCATTGGTTACACTGGAACGTGCTCAGT	HEK3	TCTGCCATCA	CGTGCTCAGT	FALSE
HEK3_top_superdegron_1167080	TTCCAATGCAACCAGTGCGGCGCCTCCTTCACCCAGAAGGGAAACCTCCTCAGGCACATTAAACTCCAC	TCTGCCATCAGTGGAGTTTAATGTGCCTGAGGAGGTTTCCCTTCTGGGTGAAGGAGGCGCCGCACTGGTTGCATTGGAACGTGCTCAGT	HEK3	TCTGCCATCA	CGTGCTCAGT	FALSE
HEK3_top_superdegron_1429228	TTCCAATGCAATCAGTGCGGCGCCTCCTTCACCCAGAAGGGAAACCTCCTCAGGCACATCAAACTCCAC	TCTGCCATCAGTGGAGTTTGATGTGCCTGAGGAGGTTTCCCTTCTGGGTGAAGGAGGCGCCGCACTGATTGCATTGGAACGTGCTCAGT	HEK3	TCTGCCATCA	CGTGCTCAGT	FALSE
HEK3_top_superdegron_1437416	TTCCAATGCAACCAGTGCGGCGCCTCCTTCACCCAGAAGGGAAATCTCCTCAGGCACATCAAACTCCAC	TCTGCCATCAGTGGAGTTTGATGTGCCTGAGGAGATTTCCCTTCTGGGTGAAGGAGGCGCCGCACTGGTTGCATTGGAACGTGCTCAGT	HEK3	TCTGCCATCA	CGTGCTCAGT	FALSE
HEK3_top_superdegron_119912	TTCCAATGCAACCAGTGCGGCGCCAGCTTCACACAGAAAGGCAACCTCCTCAGGCACATTAAACTGCAC	TCTGCCATCAGTGCAGTTTAATGTGCCTGAGGAGGTTGCCTTTCTGTGTGAAGCTGGCGCCGCACTGGTTGCATTGGAACGTGCTCAGT	HEK3	TCTGCCATCA	CGTGCTCAGT	FALSE
LMNB1_top_superdegron_1230230	TTCCAATGTAATCAATGTGGAGCTTCCTTTACACAGAAAGGAAACCTCCTCAGACATATTAAACTCCAC	TCGCAGTCGCGTGGAGTTTAATATGTCTGAGGAGGTTTCCTTTCTGTGTAAAGGAAGCTCCACATTGATTACATTGGAACATGGCGGGC	LMNB1	TCGCAGTCGC	CATGGCGGGC	FALSE
LMNB1_top_superdegron_1238166	TTCCAATGTAATCAATGTGGAGCTTCCTTCACACAGAAAGGAAATCTCCTCAGACATATTAAACTCCAC	TCGCAGTCGCGTGGAGTTTAATATGTCTGAGGAGATTTCCTTTCTGTGTGAAGGAAGCTCCACATTGATTACATTGGAACATGGCGGGC	LMNB1	TCGCAGTCGC	CATGGCGGGC	FALSE
LMNB1_top_superdegron_1238418	TTCCAATGTAACCAATGTGGAGCTTCCTTTACACAGAAAGGAAATCTCCTCAGACATATTAAACTCCAC	TCGCAGTCGCGTGGAGTTTAATATGTCTGAGGAGATTTCCTTTCTGTGTAAAGGAAGCTCCACATTGGTTACATTGGAACATGGCGGGC	LMNB1	TCGCAGTCGC	CATGGCGGGC	FALSE
LMNB1_top_superdegron_1500566	TTCCAATGTAATCAATGTGGAGCTTCCTTTACACAGAAAGGAAATCTCCTCAGACATATCAAACTCCAC	TCGCAGTCGCGTGGAGTTTGATATGTCTGAGGAGATTTCCTTTCTGTGTAAAGGAAGCTCCACATTGATTACATTGGAACATGGCGGGC	LMNB1	TCGCAGTCGC	CATGGCGGGC	FALSE
LMNB1_top_superdegron_384608	TTCCAATGCAACCAATGCGGCGCCAGCTTCACCCAGAAGGGCAACCTCCTCAGGCACATCAAACTGCAC	TCGCAGTCGCGTGCAGTTTGATGTGCCTGAGGAGGTTGCCCTTCTGGGTGAAGCTGGCGCCGCATTGGTTGCATTGGAACATGGCGGGC	LMNB1	TCGCAGTCGC	CATGGCGGGC	FALSE
LMNB1_rc_top_superdegron_1233351	GTGGAGTTTAATATGTCTGAGGAGGTTGCCTTTTTGTGTAAAGGAGGCTCCGCATTGATTACACTGGAA	GCCCGCCATGTTCCAGTGTAATCAATGCGGAGCCTCCTTTACACAAAAAGGCAACCTCCTCAGACATATTAAACTCCACGCGACTGCGA	LMNB1_rc	GCCCGCCATG	GCGACTGCGA	TRUE
LMNB1_rc_top_superdegron_1241539	GTGGAGTTTAATATGTCTGAGGAGATTGCCTTTTTGTGTAAAGGAGGCTCCGCATTGGTTACACTGGAA	GCCCGCCATGTTCCAGTGTAACCAATGCGGAGCCTCCTTTACACAAAAAGGCAATCTCCTCAGACATATTAAACTCCACGCGACTGCGA	LMNB1_rc	GCCCGCCATG	GCGACTGCGA	TRUE
LMNB1_rc_top_superdegron_1503687	GTGGAGTTTGATATGTCTGAGGAGATTGCCTTTTTGTGTAAAGGAGGCTCCGCATTGATTACACTGGAA	GCCCGCCATGTTCCAGTGTAATCAATGCGGAGCCTCCTTTACACAAAAAGGCAATCTCCTCAGACATATCAAACTCCACGCGACTGCGA	LMNB1_rc	GCCCGCCATG	GCGACTGCGA	TRUE
LMNB1_rc_top_superdegron_1238224	GTGGAGTTTAATATGTCTGAGGAGATTTCCTTTCTGTGTGAAGGAGGCTCCACATTGGTTGCATTGGAA	GCCCGCCATGTTCCAATGCAACCAATGTGGAGCCTCCTTCACACAGAAAGGAAATCTCCTCAGACATATTAAACTCCACGCGACTGCGA	LMNB1_rc	GCCCGCCATG	GCGACTGCGA	TRUE
LMNB1_rc_top_superdegron_1231506	GTGGAGTTTAATATGTCTGAGGAGGTTTCCCTTTTGGGTGAAGGAAGCTCCACATTGGTTACATTGGAA	GCCCGCCATGTTCCAATGTAACCAATGTGGAGCTTCCTTCACCCAAAAGGGAAACCTCCTCAGACATATTAAACTCCACGCGACTGCGA	LMNB1_rc	GCCCGCCATG	GCGACTGCGA	TRUE
NOLC1_top_superdegron_1103510	TTCCAATGTAATCAATGTGGAGCTTCCTTCACCCAGAAAGGCAACCTCCTCAGACACATTAAACTCCAC	CGGCGTCCGCGTGGAGTTTAATGTGTCTGAGGAGGTTGCCTTTCTGGGTGAAGGAAGCTCCACATTGATTACATTGGAACATCCTCCAG	NOLC1	CGGCGTCCGC	CATCCTCCAG	FALSE
NOLC1_top_superdegron_1111698	TTCCAATGTAACCAATGTGGAGCTTCCTTCACCCAGAAAGGCAATCTCCTCAGACACATTAAACTCCAC	CGGCGTCCGCGTGGAGTTTAATGTGTCTGAGGAGATTGCCTTTCTGGGTGAAGGAAGCTCCACATTGGTTACATTGGAACATCCTCCAG	NOLC1	CGGCGTCCGC	CATCCTCCAG	FALSE
NOLC1_top_superdegron_62547	TTCCAGTGTAACCAATGTGGAGCCAGCTTCACACAGAAAGGCAATCTCCTCAGACACATTAAACTGCAC	CGGCGTCCGCGTGCAGTTTAATGTGTCTGAGGAGATTGCCTTTCTGTGTGAAGCTGGCTCCACATTGGTTACACTGGAACATCCTCCAG	NOLC1	CGGCGTCCGC	CATCCTCCAG	FALSE
NOLC1_top_superdegron_185349	TTCCAGTGCAATCAATGCGGAGCTAGCTTCACACAGAAAGGCAACCTCCTCAGACATATTAAACTGCAC	CGGCGTCCGCGTGCAGTTTAATATGTCTGAGGAGGTTGCCTTTCTGTGTGAAGCTAGCTCCGCATTGATTGCACTGGAACATCCTCCAG	NOLC1	CGGCGTCCGC	CATCCTCCAG	FALSE
NOLC1_top_superdegron_193537	TTCCAGTGCAACCAATGCGGAGCTAGCTTCACACAGAAAGGCAATCTCCTCAGACATATTAAACTGCAC	CGGCGTCCGCGTGCAGTTTAATATGTCTGAGGAGATTGCCTTTCTGTGTGAAGCTAGCTCCGCATTGGTTGCACTGGAACATCCTCCAG	NOLC1	CGGCGTCCGC	CATCCTCCAG	FALSE
RNF1_top_superdegron_218473	TTCCAGTGCAACCAGTGCGGCGCCAGCTTTACACAGAAAGGCAACCTCCTGAGGCATATTAAACTGCAC	AACACCTCAGGTGCAGTTTAATATGCCTCAGGAGGTTGCCTTTCTGTGTAAAGCTGGCGCCGCACTGGTTGCACTGGAAGTAATGACTA	RNF1	AACACCTCAG	GTAATGACTA	FALSE
RNF1_top_superdegron_333603	TTCCAGTGTAACCAATGCGGCGCTAGCTTTACCCAGAAAGGCAACCTGCTGAGGCACATCAAACTGCAC	AACACCTCAGGTGCAGTTTGATGTGCCTCAGCAGGTTGCCTTTCTGGGTAAAGCTAGCGCCGCATTGGTTACACTGGAAGTAATGACTA	RNF1	AACACCTCAG	GTAATGACTA	FALSE
RNF1_top_superdegron_563050	TTCCAATGTAACCAGTGCGGCGCCAGCTTTACCCAGAAAGGCAACCTGCTCAGACACATTAAGCTGCAC	AACACCTCAGGTGCAGCTTAATGTGTCTGAGCAGGTTGCCTTTCTGGGTAAAGCTGGCGCCGCACTGGTTACATTGGAAGTAATGACTA	RNF1	AACACCTCAG	GTAATGACTA	FALSE
RNF1_top_superdegron_1154344	TTCCAATGCAACCAGTGCGGCGCTAGCTTTACACAGAAGGGCAACCTGCTCAGGCACATTAAACTCCAC	AACACCTCAGGTGGAGTTTAATGTGCCTGAGCAGGTTGCCCTTCTGTGTAAAGCTAGCGCCGCACTGGTTGCATTGGAAGTAATGACTA	RNF1	AACACCTCAG	GTAATGACTA	FALSE
RNF1_top_superdegron_904447	TTCCAGTGTAATCAGTGTGGCGCCTCCTTCACACAGAAGGGAAACCTCCTCAGGCACATCAAGCTGCAC	AACACCTCAGGTGCAGCTTGATGTGCCTGAGGAGGTTTCCCTTCTGTGTGAAGGAGGCGCCACACTGATTACACTGGAAGTAATGACTA	RNF1	AACACCTCAG	GTAATGACTA	FALSE
TP53_top_superdegron_1524801	TTCCAGTGCAACCAATGCGGAGCCAGCTTCACACAGAAAGGAAACCTCCTGAGGCATATCAAACTCCAC	GCGGCTCCTCGTGGAGTTTGATATGCCTCAGGAGGTTTCCTTTCTGTGTGAAGCTGGCTCCGCATTGGTTGCACTGGAACATGGCAGTG	TP53	GCGGCTCCTC	CATGGCAGTG	FALSE
TP53_top_superdegron_21675	TTCCAGTGTAACCAGTGCGGCGCTTCCTTCACACAGAAAGGCAACCTCCTGAGACACATTAAACTGCAC	GCGGCTCCTCGTGCAGTTTAATGTGTCTCAGGAGGTTGCCTTTCTGTGTGAAGGAAGCGCCGCACTGGTTACACTGGAACATGGCAGTG	TP53	GCGGCTCCTC	CATGGCAGTG	FALSE
TP53_top_superdegron_28389	TTCCAGTGCAATCAATGCGGCGCCTCCTTCACCCAGAAGGGAAATCTCCTGAGACACATTAAACTGCAC	GCGGCTCCTCGTGCAGTTTAATGTGTCTCAGGAGATTTCCCTTCTGGGTGAAGGAGGCGCCGCATTGATTGCACTGGAACATGGCAGTG	TP53	GCGGCTCCTC	CATGGCAGTG	FALSE
TP53_top_superdegron_53064	TTCCAATGCAACCAGTGCGGAGCCAGCTTTACCCAGAAGGGAAACCTCCTCAGACACATTAAACTGCAC	GCGGCTCCTCGTGCAGTTTAATGTGTCTGAGGAGGTTTCCCTTCTGGGTAAAGCTGGCTCCGCACTGGTTGCATTGGAACATGGCAGTG	TP53	GCGGCTCCTC	CATGGCAGTG	FALSE
TP53_top_superdegron_55097	TTCCAGTGCAACCAGTGTGGCGCTAGCTTTACCCAGAAAGGCAACCTCCTCAGACACATTAAACTGCAC	GCGGCTCCTCGTGCAGTTTAATGTGTCTGAGGAGGTTGCCTTTCTGGGTAAAGCTAGCGCCACACTGGTTGCACTGGAACATGGCAGTG	TP53	GCGGCTCCTC	CATGGCAGTG	FALSE
TP53_rc_top_superdegron_1491361	GTGGAGTTTGATATGTCTGAGGAGGTTTCCTTTTTGTGTAAAGGAAGCGCCGCATTGGTTGCACTGGAA	CACTGCCATGTTCCAGTGCAACCAATGCGGCGCTTCCTTTACACAAAAAGGAAACCTCCTCAGACATATCAAACTCCACGAGGAGCCGC	TP53_rc	CACTGCCATG	GAGGAGCCGC	TRUE
TP53_rc_top_superdegron_1106849	GTGGAGTTTAATGTGTCTGAGGAGATTTCCTTTTTGGGTAAAGGAAGCGCCGCATTGGTTGCACTGGAA	CACTGCCATGTTCCAGTGCAACCAATGCGGCGCTTCCTTTACCCAAAAAGGAAATCTCCTCAGACACATTAAACTCCACGAGGAGCCGC	TP53_rc	CACTGCCATG	GAGGAGCCGC	TRUE
TP53_rc_top_superdegron_1360801	GTGGAGTTTGATGTGTCTGAGGAGGTTTCCTTTTTGGGTAAAGGAAGCGCCGCATTGGTTGCACTGGAA	CACTGCCATGTTCCAGTGCAACCAATGCGGCGCTTCCTTTACCCAAAAAGGAAACCTCCTCAGACACATCAAACTCCACGAGGAGCCGC	TP53_rc	CACTGCCATG	GAGGAGCCGC	TRUE
TP53_rc_top_superdegron_1884544	GTGGAGCTTGATGTGTCTGAGGAGGTTTCCTTTTTGTGTAAAGGAAGCTCCGCATTGGTTGCATTGGAA	CACTGCCATGTTCCAATGCAACCAATGCGGAGCTTCCTTTACACAAAAAGGAAACCTCCTCAGACACATCAAGCTCCACGAGGAGCCGC	TP53_rc	CACTGCCATG	GAGGAGCCGC	TRUE
TP53_rc_top_superdegron_1360803	GTGGAGTTTGATGTGTCTGAGGAGGTTTCCTTTTTGGGTAAAGGAAGCGCCGCATTGGTTACACTGGAA	CACTGCCATGTTCCAGTGTAACCAATGCGGCGCTTCCTTTACCCAAAAAGGAAACCTCCTCAGACACATCAAACTCCACGAGGAGCCGC	TP53_rc	CACTGCCATG	GAGGAGCCGC	TRUE
ACTB_bottom_hibit_105	GTCAGCGGATGGAGGCTGTTTAAGAAAATTAGC	TATCATCATCGCTAATTTTCTTAAACAGCCTCCATCCGCTGACCATGGTGAGC	ACTB	TATCATCATC	CATGGTGAGC	FALSE
ACTB_bottom_hibit_1	GTCAGCGGATGGAGACTGTTCAAAAAAATTAGC	TATCATCATCGCTAATTTTTTTGAACAGTCTCCATCCGCTGACCATGGTGAGC	ACTB	TATCATCATC	CATGGTGAGC	FALSE
ACTB_bottom_hibit_17	GTCAGCGGATGGAGACTCTTCAAAAAAATTAGC	TATCATCATCGCTAATTTTTTTGAAGAGTCTCCATCCGCTGACCATGGTGAGC	ACTB	TATCATCATC	CATGGTGAGC	FALSE
ACTB_bottom_hibit_33	GTCAGCGGATGGAGACTGTTTAAAAAAATTAGC	TATCATCATCGCTAATTTTTTTAAACAGTCTCCATCCGCTGACCATGGTGAGC	ACTB	TATCATCATC	CATGGTGAGC	FALSE
ACTB_bottom_hibit_49	GTCAGCGGATGGAGACTCTTTAAAAAAATTAGC	TATCATCATCGCTAATTTTTTTAAAGAGTCTCCATCCGCTGACCATGGTGAGC	ACTB	TATCATCATC	CATGGTGAGC	FALSE
ACTB_rc_bottom_hibit_561	GGAAATTTTTTTAAAGAGTCTCCATCCGCTGAC	GCTCACCATGGTCAGCGGATGGAGACTCTTTAAAAAAATTTCCGATGATGATA	ACTB_rc	GCTCACCATG	GATGATGATA	TRUE
ACTB_rc_bottom_hibit_546	GGAAATTTTTTTAAACAGTCTCCATCCGGACAC	GCTCACCATGGTGTCCGGATGGAGACTGTTTAAAAAAATTTCCGATGATGATA	ACTB_rc	GCTCACCATG	GATGATGATA	TRUE
ACTB_rc_bottom_hibit_562	GGAAATTTTTTTAAAGAGTCTCCATCCGGACAC	GCTCACCATGGTGTCCGGATGGAGACTCTTTAAAAAAATTTCCGATGATGATA	ACTB_rc	GCTCACCATG	GATGATGATA	TRUE
ACTB_rc_bottom_hibit_633	GGAAATTTTCTTAAAGAGCCTCCATCCGCTGAC	GCTCACCATGGTCAGCGGATGGAGGCTCTTTAAGAAAATTTCCGATGATGATA	ACTB_rc	GCTCACCATG	GATGATGATA	TRUE
ACTB_rc_bottom_hibit_673	GGAAATCTTTTTAAACAGTCTCCATCCGCTGAC	GCTCACCATGGTCAGCGGATGGAGACTGTTTAAAAAGATTTCCGATGATGATA	ACTB_rc	GCTCACCATG	GATGATGATA	TRUE
HEK3_bottom_hibit_16	GTGAGCGGATGGAGACTCTTCAAAAAAATTAGC	TCTGCCATCAGCTAATTTTTTTGAAGAGTCTCCATCCGCTCACCGTGCTCAGT	HEK3	TCTGCCATCA	CGTGCTCAGT	FALSE
HEK3_bottom_hibit_72	GTGAGCGGATGGAGGCTGTTCAAGAAAATTAGC	TCTGCCATCAGCTAATTTTCTTGAACAGCCTCCATCCGCTCACCGTGCTCAGT	HEK3	TCTGCCATCA	CGTGCTCAGT	FALSE
HEK3_bottom_hibit_136	GTGAGCGGATGGAGGCTGTTCAAAAAGATTAGC	TCTGCCATCAGCTAATCTTTTTGAACAGCCTCCATCCGCTCACCGTGCTCAGT	HEK3	TCTGCCATCA	CGTGCTCAGT	FALSE
HEK3_bottom_hibit_0	GTGAGCGGATGGAGACTGTTCAAAAAAATTAGC	TCTGCCATCAGCTAATTTTTTTGAACAGTCTCCATCCGCTCACCGTGCTCAGT	HEK3	TCTGCCATCA	CGTGCTCAGT	FALSE
HEK3_bottom_hibit_288	GTGAGCGGATGGAGACTGTTTAAAAAAATCAGC	TCTGCCATCAGCTGATTTTTTTAAACAGTCTCCATCCGCTCACCGTGCTCAGT	HEK3	TCTGCCATCA	CGTGCTCAGT	FALSE
LMNB1_bottom_hibit_35	GTCTCCGGATGGAGACTGTTTAAAAAAATTAGC	TCGCAGTCGCGCTAATTTTTTTAAACAGTCTCCATCCGGAGACCATGGCGGGC	LMNB1	TCGCAGTCGC	CATGGCGGGC	FALSE
LMNB1_bottom_hibit_547	GTCTCCGGATGGAGACTGTTTAAAAAAATTTCC	TCGCAGTCGCGGAAATTTTTTTAAACAGTCTCCATCCGGAGACCATGGCGGGC	LMNB1	TCGCAGTCGC	CATGGCGGGC	FALSE
LMNB1_bottom_hibit_855	GTCTCCGGCTGGAGACTCTTCAAGAAAATCTCC	TCGCAGTCGCGGAGATTTTCTTGAAGAGTCTCCAGCCGGAGACCATGGCGGGC	LMNB1	TCGCAGTCGC	CATGGCGGGC	FALSE
LMNB1_bottom_hibit_927	GTCTCCGGCTGGAGGCTCTTCAAAAAGATCTCC	TCGCAGTCGCGGAGATCTTTTTGAAGAGCCTCCAGCCGGAGACCATGGCGGGC	LMNB1	TCGCAGTCGC	CATGGCGGGC	FALSE
LMNB1_bottom_hibit_919	GTCTCCGGCTGGAGACTCTTCAAAAAGATCTCC	TCGCAGTCGCGGAGATCTTTTTGAAGAGTCTCCAGCCGGAGACCATGGCGGGC	LMNB1	TCGCAGTCGC	CATGGCGGGC	FALSE
LMNB1_rc_bottom_hibit_627	GGAAATTTTCTTAAAGAGTCTCCATCCGGAGAC	GCCCGCCATGGTCTCCGGATGGAGACTCTTTAAGAAAATTTCCGCGACTGCGA	LMNB1_rc	GCCCGCCATG	GCGACTGCGA	TRUE
LMNB1_rc_bottom_hibit_691	GGAAATCTTTTTAAAGAGTCTCCATCCGGAGAC	GCCCGCCATGGTCTCCGGATGGAGACTCTTTAAAAAGATTTCCGCGACTGCGA	LMNB1_rc	GCCCGCCATG	GCGACTGCGA	TRUE
LMNB1_rc_bottom_hibit_567	GGAAATTTTTTTAAAGAGTCTCCAGCCGGAGAC	GCCCGCCATGGTCTCCGGCTGGAGACTCTTTAAAAAAATTTCCGCGACTGCGA	LMNB1_rc	GCCCGCCATG	GCGACTGCGA	TRUE
LMNB1_rc_bottom_hibit_563	GGAAATTTTTTTAAAGAGTCTCCATCCGGAGAC	GCCCGCCATGGTCTCCGGATGGAGACTCTTTAAAAAAATTTCCGCGACTGCGA	LMNB1_rc	GCCCGCCATG	GCGACTGCGA	TRUE
LMNB1_rc_bottom_hibit_819	GGAGATTTTTTTAAAGAGTCTCCATCCGGAGAC	GCCCGCCATGGTCTCCGGATGGAGACTCTTTAAAAAAATCTCCGCGACTGCGA	LMNB1_rc	GCCCGCCATG	GCGACTGCGA	TRUE
NOLC1_bottom_hibit_8	GTGAGCGGATGGAGGCTGTTCAAAAAAATTAGC	CGGCGTCCGCGCTAATTTTTTTGAACAGCCTCCATCCGCTCACCATCCTCCAG	NOLC1	CGGCGTCCGC	CATCCTCCAG	FALSE
NOLC1_bottom_hibit_296	GTGAGCGGATGGAGGCTGTTTAAAAAAATCAGC	CGGCGTCCGCGCTGATTTTTTTAAACAGCCTCCATCCGCTCACCATCCTCCAG	NOLC1	CGGCGTCCGC	CATCCTCCAG	FALSE
NOLC1_bottom_hibit_44	GTGAGCGGCTGGAGGCTGTTTAAAAAAATTAGC	CGGCGTCCGCGCTAATTTTTTTAAACAGCCTCCAGCCGCTCACCATCCTCCAG	NOLC1	CGGCGTCCGC	CATCCTCCAG	FALSE
NOLC1_bottom_hibit_108	GTGAGCGGCTGGAGGCTGTTTAAGAAAATTAGC	CGGCGTCCGCGCTAATTTTCTTAAACAGCCTCCAGCCGCTCACCATCCTCCAG	NOLC1	CGGCGTCCGC	CATCCTCCAG	FALSE
NOLC1_bottom_hibit_172	GTGAGCGGCTGGAGGCTGTTTAAAAAGATTAGC	CGGCGTCCGCGCTAATCTTTTTAAACAGCCTCCAGCCGCTCACCATCCTCCAG	NOLC1	CGGCGTCCGC	CATCCTCCAG	FALSE
RNF1_bottom_hibit_544	GTGAGCGGATGGAGACTGTTTAAAAAAATTTCC	AACACCTCAGGGAAATTTTTTTAAACAGTCTCCATCCGCTCACGTAATGACTA	RNF1	AACACCTCAG	GTAATGACTA	FALSE
RNF1_bottom_hibit_372	GTGAGCGGCTGGAGACTCTTTAAGAAAATCAGC	AACACCTCAGGCTGATTTTCTTAAAGAGTCTCCAGCCGCTCACGTAATGACTA	RNF1	AACACCTCAG	GTAATGACTA	FALSE
RNF1_bottom_hibit_33	GTCAGCGGATGGAGACTGTTTAAAAAAATTAGC	AACACCTCAGGCTAATTTTTTTAAACAGTCTCCATCCGCTGACGTAATGACTA	RNF1	AACACCTCAG	GTAATGACTA	FALSE
RNF1_bottom_hibit_560	GTGAGCGGATGGAGACTCTTTAAAAAAATTTCC	AACACCTCAGGGAAATTTTTTTAAAGAGTCTCCATCCGCTCACGTAATGACTA	RNF1	AACACCTCAG	GTAATGACTA	FALSE
RNF1_bottom_hibit_48	GTGAGCGGATGGAGACTCTTTAAAAAAATTAGC	AACACCTCAGGCTAATTTTTTTAAAGAGTCTCCATCCGCTCACGTAATGACTA	RNF1	AACACCTCAG	GTAATGACTA	FALSE
TP53_bottom_hibit_88	GTGAGCGGATGGAGGCTCTTCAAGAAAATTAGC	GCGGCTCCTCGCTAATTTTCTTGAAGAGCCTCCATCCGCTCACCATGGCAGTG	TP53	GCGGCTCCTC	CATGGCAGTG	FALSE
TP53_bottom_hibit_289	GTCAGCGGATGGAGACTGTTTAAAAAAATCAGC	GCGGCTCCTCGCTGATTTTTTTAAACAGTCTCCATCCGCTGACCATGGCAGTG	TP53	GCGGCTCCTC	CATGGCAGTG	FALSE
TP53_bottom_hibit_1	GTCAGCGGATGGAGACTGTTCAAAAAAATTAGC	GCGGCTCCTCGCTAATTTTTTTGAACAGTCTCCATCCGCTGACCATGGCAGTG	TP53	GCGGCTCCTC	CATGGCAGTG	FALSE
TP53_bottom_hibit_72	GTGAGCGGATGGAGGCTGTTCAAGAAAATTAGC	GCGGCTCCTCGCTAATTTTCTTGAACAGCCTCCATCCGCTCACCATGGCAGTG	TP53	GCGGCTCCTC	CATGGCAGTG	FALSE
TP53_bottom_hibit_0	GTGAGCGGATGGAGACTGTTCAAAAAAATTAGC	GCGGCTCCTCGCTAATTTTTTTGAACAGTCTCCATCCGCTCACCATGGCAGTG	TP53	GCGGCTCCTC	CATGGCAGTG	FALSE
TP53_rc_bottom_hibit_736	GGAAATCTTCTTAAACAGTCTCCATCCGCTCAC	CACTGCCATGGTGAGCGGATGGAGACTGTTTAAGAAGATTTCCGAGGAGCCGC	TP53_rc	CACTGCCATG	GAGGAGCCGC	TRUE
TP53_rc_bottom_hibit_241	GCTAATCTTCTTAAAGAGTCTCCATCCGCTGAC	CACTGCCATGGTCAGCGGATGGAGACTCTTTAAGAAGATTAGCGAGGAGCCGC	TP53_rc	CACTGCCATG	GAGGAGCCGC	TRUE
TP53_rc_bottom_hibit_735	GGAAATCTTCTTGAAGAGCCTCCAGCCGGAGAC	CACTGCCATGGTCTCCGGCTGGAGGCTCTTCAAGAAGATTTCCGAGGAGCCGC	TP53_rc	CACTGCCATG	GAGGAGCCGC	TRUE
TP53_rc_bottom_hibit_94	GCTAATTTTCTTGAAGAGCCTCCAGCCGGACAC	CACTGCCATGGTGTCCGGCTGGAGGCTCTTCAAGAAAATTAGCGAGGAGCCGC	TP53_rc	CACTGCCATG	GAGGAGCCGC	TRUE
TP53_rc_bottom_hibit_286	GCTGATTTTTTTGAAGAGCCTCCAGCCGGACAC	CACTGCCATGGTGTCCGGCTGGAGGCTCTTCAAAAAAATCAGCGAGGAGCCGC	TP53_rc	CACTGCCATG	GAGGAGCCGC	TRUE
ACTB_bottom_his6_46	CACCATCATCATCACCAT	TATCATCATCATGGTGATGATGATGGTGCATGGTGAGC	ACTB	TATCATCATC	CATGGTGAGC	FALSE
ACTB_bottom_his6_55	CATCATCATCACCATCAT	TATCATCATCATGATGGTGATGATGATGCATGGTGAGC	ACTB	TATCATCATC	CATGGTGAGC	FALSE
ACTB_bottom_his6_39	CATCATCATCACCACCAT	TATCATCATCATGGTGGTGATGATGATGCATGGTGAGC	ACTB	TATCATCATC	CATGGTGAGC	FALSE
ACTB_bottom_his6_47	CATCATCATCATCACCAT	TATCATCATCATGGTGATGATGATGATGCATGGTGAGC	ACTB	TATCATCATC	CATGGTGAGC	FALSE
ACTB_bottom_his6_63	CATCATCATCATCATCAT	TATCATCATCATGATGATGATGATGATGCATGGTGAGC	ACTB	TATCATCATC	CATGGTGAGC	FALSE
ACTB_rc_bottom_his6_52	ATGATGGTGATGGTGGTG	GCTCACCATGCACCACCATCACCATCATGATGATGATA	ACTB_rc	GCTCACCATG	GATGATGATA	TRUE
ACTB_rc_bottom_his6_17	GTGATGGTGGTGGTGATG	GCTCACCATGCATCACCACCACCATCACGATGATGATA	ACTB_rc	GCTCACCATG	GATGATGATA	TRUE
ACTB_rc_bottom_his6_33	ATGGTGGTGGTGGTGATG	GCTCACCATGCATCACCACCACCACCATGATGATGATA	ACTB_rc	GCTCACCATG	GATGATGATA	TRUE
ACTB_rc_bottom_his6_48	ATGATGGTGGTGGTGGTG	GCTCACCATGCACCACCACCACCATCATGATGATGATA	ACTB_rc	GCTCACCATG	GATGATGATA	TRUE
ACTB_rc_bottom_his6_49	ATGATGGTGGTGGTGATG	GCTCACCATGCATCACCACCACCATCATGATGATGATA	ACTB_rc	GCTCACCATG	GATGATGATA	TRUE
HEK3_bottom_his6_15	CATCATCATCATCACCAC	TCTGCCATCAGTGGTGATGATGATGATGCGTGCTCAGT	HEK3	TCTGCCATCA	CGTGCTCAGT	FALSE
HEK3_bottom_his6_39	CATCATCATCACCACCAT	TCTGCCATCAATGGTGGTGATGATGATGCGTGCTCAGT	HEK3	TCTGCCATCA	CGTGCTCAGT	FALSE
HEK3_bottom_his6_31	CATCATCATCATCATCAC	TCTGCCATCAGTGATGATGATGATGATGCGTGCTCAGT	HEK3	TCTGCCATCA	CGTGCTCAGT	FALSE
HEK3_bottom_his6_23	CATCATCATCACCATCAC	TCTGCCATCAGTGATGGTGATGATGATGCGTGCTCAGT	HEK3	TCTGCCATCA	CGTGCTCAGT	FALSE
HEK3_bottom_his6_63	CATCATCATCATCATCAT	TCTGCCATCAATGATGATGATGATGATGCGTGCTCAGT	HEK3	TCTGCCATCA	CGTGCTCAGT	FALSE
LMNB1_bottom_his6_63	CATCATCATCATCATCAT	TCGCAGTCGCATGATGATGATGATGATGCATGGCGGGC	LMNB1	TCGCAGTCGC	CATGGCGGGC	FALSE
LMNB1_bottom_his6_2	CACCATCACCACCACCAC	TCGCAGTCGCGTGGTGGTGGTGATGGTGCATGGCGGGC	LMNB1	TCGCAGTCGC	CATGGCGGGC	FALSE
LMNB1_bottom_his6_8	CACCACCACCATCACCAC	TCGCAGTCGCGTGGTGATGGTGGTGGTGCATGGCGGGC	LMNB1	TCGCAGTCGC	CATGGCGGGC	FALSE
LMNB1_bottom_his6_16	CACCACCACCACCATCAC	TCGCAGTCGCGTGATGGTGGTGGTGGTGCATGGCGGGC	LMNB1	TCGCAGTCGC	CATGGCGGGC	FALSE
LMNB1_bottom_his6_32	CACCACCACCACCACCAT	TCGCAGTCGCATGGTGGTGGTGGTGGTGCATGGCGGGC	LMNB1	TCGCAGTCGC	CATGGCGGGC	FALSE
LMNB1_rc_bottom_his6_45	ATGGTGATGATGGTGATG	GCCCGCCATGCATCACCATCATCACCATGCGACTGCGA	LMNB1_rc	GCCCGCCATG	GCGACTGCGA	TRUE
LMNB1_rc_bottom_his6_57	ATGATGATGGTGGTGATG	GCCCGCCATGCATCACCACCATCATCATGCGACTGCGA	LMNB1_rc	GCCCGCCATG	GCGACTGCGA	TRUE
LMNB1_rc_bottom_his6_53	ATGATGGTGATGGTGATG	GCCCGCCATGCATCACCATCACCATCATGCGACTGCGA	LMNB1_rc	GCCCGCCATG	GCGACTGCGA	TRUE
LMNB1_rc_bottom_his6_51	ATGATGGTGGTGATGATG	GCCCGCCATGCATCATCACCACCATCATGCGACTGCGA	LMNB1_rc	GCCCGCCATG	GCGACTGCGA	TRUE
LMNB1_rc_bottom_his6_63	ATGATGATGATGATGATG	GCCCGCCATGCATCATCATCATCATCATGCGACTGCGA	LMNB1_rc	GCCCGCCATG	GCGACTGCGA	TRUE
NOLC1_bottom_his6_61	CATCACCATCATCATCAT	CGGCGTCCGCATGATGATGATGGTGATGCATCCTCCAG	NOLC1	CGGCGTCCGC	CATCCTCCAG	FALSE
NOLC1_bottom_his6_62	CACCATCATCATCATCAT	CGGCGTCCGCATGATGATGATGATGGTGCATCCTCCAG	NOLC1	CGGCGTCCGC	CATCCTCCAG	FALSE
NOLC1_bottom_his6_55	CATCATCATCACCATCAT	CGGCGTCCGCATGATGGTGATGATGATGCATCCTCCAG	NOLC1	CGGCGTCCGC	CATCCTCCAG	FALSE
NOLC1_bottom_his6_59	CATCATCACCATCATCAT	CGGCGTCCGCATGATGATGGTGATGATGCATCCTCCAG	NOLC1	CGGCGTCCGC	CATCCTCCAG	FALSE
NOLC1_bottom_his6_63	CATCATCATCATCATCAT	CGGCGTCCGCATGATGATGATGATGATGCATCCTCCAG	NOLC1	CGGCGTCCGC	CATCCTCCAG	FALSE
RNF1_bottom_his6_6	CACCATCATCACCACCAC	AACACCTCAGGTGGTGGTGATGATGGTGGTAATGACTA	RNF1	AACACCTCAG	GTAATGACTA	FALSE
RNF1_bottom_his6_12	CACCACCATCATCACCAC	AACACCTCAGGTGGTGATGATGGTGGTGGTAATGACTA	RNF1	AACACCTCAG	GTAATGACTA	FALSE
RNF1_bottom_his6_5	CATCACCATCACCACCAC	AACACCTCAGGTGGTGGTGATGGTGATGGTAATGACTA	RNF1	AACACCTCAG	GTAATGACTA	FALSE
RNF1_bottom_his6_20	CACCACCATCACCATCAC	AACACCTCAGGTGATGGTGATGGTGGTGGTAATGACTA	RNF1	AACACCTCAG	GTAATGACTA	FALSE
RNF1_bottom_his6_36	CACCACCATCACCACCAT	AACACCTCAGATGGTGGTGATGGTGGTGGTAATGACTA	RNF1	AACACCTCAG	GTAATGACTA	FALSE
TP53_bottom_his6_61	CATCACCATCATCATCAT	GCGGCTCCTCATGATGATGATGGTGATGCATGGCAGTG	TP53	GCGGCTCCTC	CATGGCAGTG	FALSE
TP53_bottom_his6_23	CATCATCATCACCATCAC	GCGGCTCCTCGTGATGGTGATGATGATGCATGGCAGTG	TP53	GCGGCTCCTC	CATGGCAGTG	FALSE
TP53_bottom_his6_29	CATCACCATCATCATCAC	GCGGCTCCTCGTGATGATGATGGTGATGCATGGCAGTG	TP53	GCGGCTCCTC	CATGGCAGTG	FALSE
TP53_bottom_his6_31	CATCATCATCATCATCAC	GCGGCTCCTCGTGATGATGATGATGATGCATGGCAGTG	TP53	GCGGCTCCTC	CATGGCAGTG	FALSE
TP53_bottom_his6_63	CATCATCATCATCATCAT	GCGGCTCCTCATGATGATGATGATGATGCATGGCAGTG	TP53	GCGGCTCCTC	CATGGCAGTG	FALSE
TP53_rc_bottom_his6_30	GTGATGATGATGATGGTG	CACTGCCATGCACCATCATCATCATCACGAGGAGCCGC	TP53_rc	CACTGCCATG	GAGGAGCCGC	TRUE
TP53_rc_bottom_his6_43	ATGGTGATGGTGATGATG	CACTGCCATGCATCATCACCATCACCATGAGGAGCCGC	TP53_rc	CACTGCCATG	GAGGAGCCGC	TRUE
TP53_rc_bottom_his6_27	GTGATGATGGTGATGATG	CACTGCCATGCATCATCACCATCATCACGAGGAGCCGC	TP53_rc	CACTGCCATG	GAGGAGCCGC	TRUE
TP53_rc_bottom_his6_51	ATGATGGTGGTGATGATG	CACTGCCATGCATCATCACCACCATCATGAGGAGCCGC	TP53_rc	CACTGCCATG	GAGGAGCCGC	TRUE
TP53_rc_bottom_his6_23	GTGATGGTGATGATGATG	CACTGCCATGCATCATCATCACCATCACGAGGAGCCGC	TP53_rc	CACTGCCATG	GAGGAGCCGC	TRUE
ACTB_bottom_linker_202782	GGGAGTAGTGGAGGATCGTCAGGG	TATCATCATCCCCTGACGATCCTCCACTACTCCCCATGGTGAGC	ACTB	TATCATCATC	CATGGTGAGC	FALSE
ACTB_bottom_linker_221644	GGAAGTAGTGGTGGAAGCTCGGGG	TATCATCATCCCCCGAGCTTCCACCACTACTTCCCATGGTGAGC	ACTB	TATCATCATC	CATGGTGAGC	FALSE
ACTB_bottom_linker_251478	GGGAGTTCAGGGGGAAGTAGCGGT	TATCATCATCACCGCTACTTCCCCCTGAACTCCCCATGGTGAGC	ACTB	TATCATCATC	CATGGTGAGC	FALSE
ACTB_bottom_linker_252628	GGAAGTTCAGGGGGGAGTAGCGGT	TATCATCATCACCGCTACTCCCCCCTGAACTTCCCATGGTGAGC	ACTB	TATCATCATC	CATGGTGAGC	FALSE
ACTB_bottom_linker_13824	GGAAGCAGCGGAGGAAGCAGTGGA	TATCATCATCTCCACTGCTTCCTCCGCTGCTTCCCATGGTGAGC	ACTB	TATCATCATC	CATGGTGAGC	FALSE
ACTB_rc_bottom_linker_27466	TCCACTAGAACCCCCCGATGACCC	GCTCACCATGGGGTCATCGGGGGGTTCTAGTGGAGATGATGATA	ACTB_rc	GCTCACCATG	GATGATGATA	TRUE
ACTB_rc_bottom_linker_16162	TCCACTACTTCCTCCACTTGACCC	GCTCACCATGGGGTCAAGTGGAGGAAGTAGTGGAGATGATGATA	ACTB_rc	GCTCACCATG	GATGATGATA	TRUE
ACTB_rc_bottom_linker_16516	TCCACTACTTCCCCCCGAACTTCC	GCTCACCATGGGAAGTTCGGGGGGAAGTAGTGGAGATGATGATA	ACTB_rc	GCTCACCATG	GATGATGATA	TRUE
ACTB_rc_bottom_linker_25375	TCCACTAGATCCTCCACTACTACC	GCTCACCATGGGTAGTAGTGGAGGATCTAGTGGAGATGATGATA	ACTB_rc	GCTCACCATG	GATGATGATA	TRUE
ACTB_rc_bottom_linker_20566	TCCACTTGAACCCCCCGAAGACCC	GCTCACCATGGGGTCTTCGGGGGGTTCAAGTGGAGATGATGATA	ACTB_rc	GCTCACCATG	GATGATGATA	TRUE
HEK3_bottom_linker_290290	GGGTCATCTGGTGGTTCTTCAGGT	TCTGCCATCAACCTGAAGAACCACCAGATGACCCCGTGCTCAGT	HEK3	TCTGCCATCA	CGTGCTCAGT	FALSE
HEK3_bottom_linker_82870	GGGTCTTCAGGTGGTTCTTCTGGA	TCTGCCATCATCCAGAAGAACCACCTGAAGACCCCGTGCTCAGT	HEK3	TCTGCCATCA	CGTGCTCAGT	FALSE
HEK3_bottom_linker_331330	GGGTCATCTGGAGGTTCTTCTGGT	TCTGCCATCAACCAGAAGAACCTCCAGATGACCCCGTGCTCAGT	HEK3	TCTGCCATCA	CGTGCTCAGT	FALSE
HEK3_bottom_linker_41470	GGGTCTTCTGGTGGTTCTTCAGGA	TCTGCCATCATCCTGAAGAACCACCAGAAGACCCCGTGCTCAGT	HEK3	TCTGCCATCA	CGTGCTCAGT	FALSE
HEK3_bottom_linker_81071	GGTTCTTCTGGGGGATCTTCTGGA	TCTGCCATCATCCAGAAGATCCCCCAGAAGAACCCGTGCTCAGT	HEK3	TCTGCCATCA	CGTGCTCAGT	FALSE
LMNB1_bottom_linker_169706	GGGAGCTCCGGGGGGAGTAGCGGG	TCGCAGTCGCCCCGCTACTCCCCCCGGAGCTCCCCATGGCGGGC	LMNB1	TCGCAGTCGC	CATGGCGGGC	FALSE
LMNB1_bottom_linker_90589	GGCTCCAGCGGCGGCTCCAGCGGC	TCGCAGTCGCGCCGCTGGAGCCGCCGCTGGAGCCCATGGCGGGC	LMNB1	TCGCAGTCGC	CATGGCGGGC	FALSE
LMNB1_bottom_linker_138626	GGGAGCTCGGGGGGAAGCTCGGGC	TCGCAGTCGCGCCCGAGCTTCCCCCCGAGCTCCCCATGGCGGGC	LMNB1	TCGCAGTCGC	CATGGCGGGC	FALSE
LMNB1_bottom_linker_175778	GGGAGCTCGGGAGGCTCGAGCGGG	TCGCAGTCGCCCCGCTCGAGCCTCCCGAGCTCCCCATGGCGGGC	LMNB1	TCGCAGTCGC	CATGGCGGGC	FALSE
LMNB1_bottom_linker_86762	GGGAGCTCCGGGGGGAGTAGCGGC	TCGCAGTCGCGCCGCTACTCCCCCCGGAGCTCCCCATGGCGGGC	LMNB1	TCGCAGTCGC	CATGGCGGGC	FALSE
LMNB1_rc_bottom_linker_173677	CCCGCTGGAGCCCCCGCTGGAGCC	GCCCGCCATGGGCTCCAGCGGGGGCTCCAGCGGGGCGACTGCGA	LMNB1_rc	GCCCGCCATG	GCGACTGCGA	TRUE
LMNB1_rc_bottom_linker_242711	CCCAGAGGAGCCGCCTGAAGAACC	GCCCGCCATGGGTTCTTCAGGCGGCTCCTCTGGGGCGACTGCGA	LMNB1_rc	GCCCGCCATG	GCGACTGCGA	TRUE
LMNB1_rc_bottom_linker_107991	GCCACTCGAACCGCCAGAGGAACC	GCCCGCCATGGGTTCCTCTGGCGGTTCGAGTGGCGCGACTGCGA	LMNB1_rc	GCCCGCCATG	GCGACTGCGA	TRUE
LMNB1_rc_bottom_linker_308437	ACCCGAACTACCGCCAGAGGAGCC	GCCCGCCATGGGCTCCTCTGGCGGTAGTTCGGGTGCGACTGCGA	LMNB1_rc	GCCCGCCATG	GCGACTGCGA	TRUE
LMNB1_rc_bottom_linker_311589	ACCCGAGGATCCACCCGAAGAGCC	GCCCGCCATGGGCTCTTCGGGTGGATCCTCGGGTGCGACTGCGA	LMNB1_rc	GCCCGCCATG	GCGACTGCGA	TRUE
NOLC1_bottom_linker_267839	GGTTCTTCTGGTGGATCAAGTGGT	CGGCGTCCGCACCACTTGATCCACCAGAAGAACCCATCCTCCAG	NOLC1	CGGCGTCCGC	CATCCTCCAG	FALSE
NOLC1_bottom_linker_31711	GGTAGTAGTGGAGGTAGTTCAGGA	CGGCGTCCGCTCCTGAACTACCTCCACTACTACCCATCCTCCAG	NOLC1	CGGCGTCCGC	CATCCTCCAG	FALSE
NOLC1_bottom_linker_31724	GGATCTAGTGGAGGTAGTTCAGGA	CGGCGTCCGCTCCTGAACTACCTCCACTAGATCCCATCCTCCAG	NOLC1	CGGCGTCCGC	CATCCTCCAG	FALSE
NOLC1_bottom_linker_17900	GGATCTAGTGGAGGTAGTAGTGGA	CGGCGTCCGCTCCACTACTACCTCCACTAGATCCCATCCTCCAG	NOLC1	CGGCGTCCGC	CATCCTCCAG	FALSE
NOLC1_bottom_linker_25375	GGTAGTAGTGGAGGATCTAGTGGA	CGGCGTCCGCTCCACTAGATCCTCCACTACTACCCATCCTCCAG	NOLC1	CGGCGTCCGC	CATCCTCCAG	FALSE
RNF1_bottom_linker_29694	GGGAGTAGTGGGGGTAGCTCAGGA	AACACCTCAGTCCTGAGCTACCCCCACTACTCCCGTAATGACTA	RNF1	AACACCTCAG	GTAATGACTA	FALSE
RNF1_bottom_linker_195294	GGGAGTAGTGGAGGTAGCTCAGGG	AACACCTCAGCCCTGAGCTACCTCCACTACTCCCGTAATGACTA	RNF1	AACACCTCAG	GTAATGACTA	FALSE
RNF1_bottom_linker_2	GGGAGCAGCGGAGGAAGCAGCGGA	AACACCTCAGTCCGCTGCTTCCTCCGCTGCTCCCGTAATGACTA	RNF1	AACACCTCAG	GTAATGACTA	FALSE
RNF1_bottom_linker_18194	GGGAGCTCAGGGGGTAGTAGTGGA	AACACCTCAGTCCACTACTACCCCCTGAGCTCCCGTAATGACTA	RNF1	AACACCTCAG	GTAATGACTA	FALSE
RNF1_bottom_linker_17619	GGTAGCTCAGGGGGGAGTAGTGGA	AACACCTCAGTCCACTACTCCCCCCTGAGCTACCGTAATGACTA	RNF1	AACACCTCAG	GTAATGACTA	FALSE
TP53_bottom_linker_248387	GGTTCATCTGGAGGTTCTTCTGGG	GCGGCTCCTCCCCAGAAGAACCTCCAGATGAACCCATGGCAGTG	TP53	GCGGCTCCTC	CATGGCAGTG	FALSE
TP53_bottom_linker_248747	GGTTCATCAGGTGGTTCTTCTGGG	GCGGCTCCTCCCCAGAAGAACCACCTGATGAACCCATGGCAGTG	TP53	GCGGCTCCTC	CATGGCAGTG	FALSE
TP53_bottom_linker_124211	GGTTCATCCGGGGGTTCTTCAGGC	GCGGCTCCTCGCCTGAAGAACCCCCGGATGAACCCATGGCAGTG	TP53	GCGGCTCCTC	CATGGCAGTG	FALSE
TP53_bottom_linker_138011	GGTTCATCAGGGGGTTCTTCCGGC	GCGGCTCCTCGCCGGAAGAACCCCCTGATGAACCCATGGCAGTG	TP53	GCGGCTCCTC	CATGGCAGTG	FALSE
TP53_bottom_linker_331690	GGGTCATCAGGTGGTTCTTCTGGT	GCGGCTCCTCACCAGAAGAACCACCTGATGACCCCATGGCAGTG	TP53	GCGGCTCCTC	CATGGCAGTG	FALSE
TP53_rc_bottom_linker_138177	GCCGGAAGAACCACCGGATGAGCC	CACTGCCATGGGCTCATCCGGTGGTTCTTCCGGCGAGGAGCCGC	TP53_rc	CACTGCCATG	GAGGAGCCGC	TRUE
TP53_rc_bottom_linker_296015	ACCGGATGAGCCACCGGAAGAACC	CACTGCCATGGGTTCTTCCGGTGGCTCATCCGGTGAGGAGCCGC	TP53_rc	CACTGCCATG	GAGGAGCCGC	TRUE
TP53_rc_bottom_linker_302915	ACCGGAAGAGCCACCGGATGAACC	CACTGCCATGGGTTCATCCGGTGGCTCTTCCGGTGAGGAGCCGC	TP53_rc	CACTGCCATG	GAGGAGCCGC	TRUE
TP53_rc_bottom_linker_304065	ACCGGAAGAACCACCGGATGAGCC	CACTGCCATGGGCTCATCCGGTGGTTCTTCCGGTGAGGAGCCGC	TP53_rc	CACTGCCATG	GAGGAGCCGC	TRUE
TP53_rc_bottom_linker_302927	ACCGGAAGAGCCACCGGAAGAACC	CACTGCCATGGGTTCTTCCGGTGGCTCTTCCGGTGAGGAGCCGC	TP53_rc	CACTGCCATG	GAGGAGCCGC	TRUE
ACTB_bottom_mNeongreen_88	ACAGAACTGAATTTTAAAGAGTGGCAAAAAGCTTTCACAGACATGATG	TATCATCATCCATCATGTCTGTGAAAGCTTTTTGCCACTCTTTAAAATTCAGTTCTGTCATGGTGAGC	ACTB	TATCATCATC	CATGGTGAGC	FALSE
ACTB_bottom_mNeongreen_280	ACAGAACTGAATTTTAAAGAATGGCAAAAGGCTTTCACAGACATGATG	TATCATCATCCATCATGTCTGTGAAAGCCTTTTGCCATTCTTTAAAATTCAGTTCTGTCATGGTGAGC	ACTB	TATCATCATC	CATGGTGAGC	FALSE
ACTB_bottom_mNeongreen_4376	ACAGAACTGAATTTTAAAGAATGGCAAAAGGCTTTCACAGATATGATG	TATCATCATCCATCATATCTGTGAAAGCCTTTTGCCATTCTTTAAAATTCAGTTCTGTCATGGTGAGC	ACTB	TATCATCATC	CATGGTGAGC	FALSE
ACTB_bottom_mNeongreen_4408	ACAGAACTGAATTTTAAGGAATGGCAAAAGGCTTTCACAGATATGATG	TATCATCATCCATCATATCTGTGAAAGCCTTTTGCCATTCCTTAAAATTCAGTTCTGTCATGGTGAGC	ACTB	TATCATCATC	CATGGTGAGC	FALSE
ACTB_bottom_mNeongreen_5148	ACAGAACTCAATTTTAAAGAATGGCAAAAAGCTTTTACAGATATGATG	TATCATCATCCATCATATCTGTAAAAGCTTTTTGCCATTCTTTAAAATTGAGTTCTGTCATGGTGAGC	ACTB	TATCATCATC	CATGGTGAGC	FALSE
ACTB_rc_bottom_mNeongreen_5950	CATCATATCTGTAAAGGCCTTTTGCCATTCCTTAAAATTGAGCTCTGT	GCTCACCATGACAGAGCTCAATTTTAAGGAATGGCAAAAGGCCTTTACAGATATGATGGATGATGATA	ACTB_rc	GCTCACCATG	GATGATGATA	TRUE
ACTB_rc_bottom_mNeongreen_6014	CATCATATCTGTAAAGGCCTTTTGCCACTCCTTAAAATTGAGCTCTGT	GCTCACCATGACAGAGCTCAATTTTAAGGAGTGGCAAAAGGCCTTTACAGATATGATGGATGATGATA	ACTB_rc	GCTCACCATG	GATGATGATA	TRUE
ACTB_rc_bottom_mNeongreen_6008	CATCATATCTGTAAAGGCCTTTTGCCACTCCTTAAAATTCAGTTCTGT	GCTCACCATGACAGAACTGAATTTTAAGGAGTGGCAAAAGGCCTTTACAGATATGATGGATGATGATA	ACTB_rc	GCTCACCATG	GATGATGATA	TRUE
ACTB_rc_bottom_mNeongreen_1405	CATCATGTCTGTAAAAGCCTTTTGCCACTCCTTAAAATTGAGTTCGGT	GCTCACCATGACCGAACTCAATTTTAAGGAGTGGCAAAAGGCTTTTACAGACATGATGGATGATGATA	ACTB_rc	GCTCACCATG	GATGATGATA	TRUE
ACTB_rc_bottom_mNeongreen_5492	CATCATATCTGTAAAAGCCTTTTGCCACTCCTTAAAGTTGAGTTCTGT	GCTCACCATGACAGAACTCAACTTTAAGGAGTGGCAAAAGGCTTTTACAGATATGATGGATGATGATA	ACTB_rc	GCTCACCATG	GATGATGATA	TRUE
HEK3_bottom_mNeongreen_5904	ACAGAACTGAACTTTAAAGAATGGCAAAAGGCCTTTACAGATATGATG	TCTGCCATCACATCATATCTGTAAAGGCCTTTTGCCATTCTTTAAAGTTCAGTTCTGTCGTGCTCAGT	HEK3	TCTGCCATCA	CGTGCTCAGT	FALSE
HEK3_bottom_mNeongreen_5448	ACAGAACTGAATTTCAAAGAGTGGCAAAAGGCTTTTACAGATATGATG	TCTGCCATCACATCATATCTGTAAAAGCCTTTTGCCACTCTTTGAAATTCAGTTCTGTCGTGCTCAGT	HEK3	TCTGCCATCA	CGTGCTCAGT	FALSE
HEK3_bottom_mNeongreen_5200	ACAGAACTGAACTTTAAAGAGTGGCAAAAAGCTTTTACAGATATGATG	TCTGCCATCACATCATATCTGTAAAAGCTTTTTGCCACTCTTTAAAGTTCAGTTCTGTCGTGCTCAGT	HEK3	TCTGCCATCA	CGTGCTCAGT	FALSE
HEK3_bottom_mNeongreen_1048	ACAGAACTGAATTTTAAAGAATGGCAAAAAGCTTTTACAGACATGATG	TCTGCCATCACATCATGTCTGTAAAAGCTTTTTGCCATTCTTTAAAATTCAGTTCTGTCGTGCTCAGT	HEK3	TCTGCCATCA	CGTGCTCAGT	FALSE
HEK3_bottom_mNeongreen_5128	ACAGAACTGAATTTCAAAGAATGGCAAAAAGCTTTTACAGATATGATG	TCTGCCATCACATCATATCTGTAAAAGCTTTTTGCCATTCTTTGAAATTCAGTTCTGTCGTGCTCAGT	HEK3	TCTGCCATCA	CGTGCTCAGT	FALSE
LMNB1_bottom_mNeongreen_3428	ACAGAACTCAACTTCAAGGAGTGGCAAAAGGCTTTTACCGACATGATG	TCGCAGTCGCCATCATGTCGGTAAAAGCCTTTTGCCACTCCTTGAAGTTGAGTTCTGTCATGGCGGGC	LMNB1	TCGCAGTCGC	CATGGCGGGC	FALSE
LMNB1_bottom_mNeongreen_2431	ACCGAGCTCAATTTTAAGGAGTGGCAAAAGGCTTTCACCGACATGATG	TCGCAGTCGCCATCATGTCGGTGAAAGCCTTTTGCCACTCCTTAAAATTGAGCTCGGTCATGGCGGGC	LMNB1	TCGCAGTCGC	CATGGCGGGC	FALSE
LMNB1_bottom_mNeongreen_3439	ACCGAGCTCAATTTCAAGGAGTGGCAAAAGGCTTTTACCGACATGATG	TCGCAGTCGCCATCATGTCGGTAAAAGCCTTTTGCCACTCCTTGAAATTGAGCTCGGTCATGGCGGGC	LMNB1	TCGCAGTCGC	CATGGCGGGC	FALSE
LMNB1_bottom_mNeongreen_1319	ACCGAGCTCAACTTCAAGGAATGGCAAAAGGCTTTTACAGACATGATG	TCGCAGTCGCCATCATGTCTGTAAAAGCCTTTTGCCATTCCTTGAAGTTGAGCTCGGTCATGGCGGGC	LMNB1	TCGCAGTCGC	CATGGCGGGC	FALSE
LMNB1_bottom_mNeongreen_4376	ACAGAACTGAATTTTAAAGAATGGCAAAAGGCTTTCACAGATATGATG	TCGCAGTCGCCATCATATCTGTGAAAGCCTTTTGCCATTCTTTAAAATTCAGTTCTGTCATGGCGGGC	LMNB1	TCGCAGTCGC	CATGGCGGGC	FALSE
LMNB1_rc_bottom_mNeongreen_7007	CATCATATCGGTGAAGGCCTTTTGCCACTCTTTAAAATTGAGCTCGGT	GCCCGCCATGACCGAGCTCAATTTTAAAGAGTGGCAAAAGGCCTTCACCGATATGATGGCGACTGCGA	LMNB1_rc	GCCCGCCATG	GCGACTGCGA	TRUE
LMNB1_rc_bottom_mNeongreen_7271	CATCATATCGGTAAAAGCTTTTTGCCACTCCTTGAAGTTGAGCTCGGT	GCCCGCCATGACCGAGCTCAACTTCAAGGAGTGGCAAAAAGCTTTTACCGATATGATGGCGACTGCGA	LMNB1_rc	GCCCGCCATG	GCGACTGCGA	TRUE
LMNB1_rc_bottom_mNeongreen_2621	CATCATGTCGGTGAAGGCTTTTTGCCATTCCTTAAAATTGAGTTCGGT	GCCCGCCATGACCGAACTCAATTTTAAGGAATGGCAAAAAGCCTTCACCGACATGATGGCGACTGCGA	LMNB1_rc	GCCCGCCATG	GCGACTGCGA	TRUE
LMNB1_rc_bottom_mNeongreen_605	CATCATGTCTGTGAAGGCTTTTTGCCACTCTTTAAAATTGAGTTCGGT	GCCCGCCATGACCGAACTCAATTTTAAAGAGTGGCAAAAAGCCTTCACAGACATGATGGCGACTGCGA	LMNB1_rc	GCCCGCCATG	GCGACTGCGA	TRUE
LMNB1_rc_bottom_mNeongreen_7325	CATCATATCGGTAAAAGCTTTCTGCCATTCTTTAAAATTGAGTTCGGT	GCCCGCCATGACCGAACTCAATTTTAAAGAATGGCAGAAAGCTTTTACCGATATGATGGCGACTGCGA	LMNB1_rc	GCCCGCCATG	GCGACTGCGA	TRUE
NOLC1_bottom_mNeongreen_5442	ACAGAGCTGAACTTCAAAGAGTGGCAAAAGGCTTTTACAGATATGATG	CGGCGTCCGCCATCATATCTGTAAAAGCCTTTTGCCACTCTTTGAAGTTCAGCTCTGTCATCCTCCAG	NOLC1	CGGCGTCCGC	CATCCTCCAG	FALSE
NOLC1_bottom_mNeongreen_5446	ACAGAGCTCAACTTCAAAGAGTGGCAAAAGGCTTTTACAGATATGATG	CGGCGTCCGCCATCATATCTGTAAAAGCCTTTTGCCACTCTTTGAAGTTGAGCTCTGTCATCCTCCAG	NOLC1	CGGCGTCCGC	CATCCTCCAG	FALSE
NOLC1_bottom_mNeongreen_1392	ACAGAACTGAACTTTAAGGAGTGGCAAAAGGCTTTTACAGACATGATG	CGGCGTCCGCCATCATGTCTGTAAAAGCCTTTTGCCACTCCTTAAAGTTCAGTTCTGTCATCCTCCAG	NOLC1	CGGCGTCCGC	CATCCTCCAG	FALSE
NOLC1_bottom_mNeongreen_5217	ACCGAACTGAACTTCAAGGAGTGGCAAAAAGCTTTTACAGATATGATG	CGGCGTCCGCCATCATATCTGTAAAAGCTTTTTGCCACTCCTTGAAGTTCAGTTCGGTCATCCTCCAG	NOLC1	CGGCGTCCGC	CATCCTCCAG	FALSE
NOLC1_bottom_mNeongreen_5472	ACAGAACTGAACTTCAAGGAGTGGCAAAAGGCTTTTACAGATATGATG	CGGCGTCCGCCATCATATCTGTAAAAGCCTTTTGCCACTCCTTGAAGTTCAGTTCTGTCATCCTCCAG	NOLC1	CGGCGTCCGC	CATCCTCCAG	FALSE
RNF1_bottom_mNeongreen_5214	ACAGAGCTCAATTTTAAAGAGTGGCAAAAAGCTTTTACAGATATGATG	AACACCTCAGCATCATATCTGTAAAAGCTTTTTGCCACTCTTTAAAATTGAGCTCTGTGTAATGACTA	RNF1	AACACCTCAG	GTAATGACTA	FALSE
RNF1_bottom_mNeongreen_5244	ACAGAACTCAATTTTAAGGAGTGGCAAAAAGCTTTTACAGATATGATG	AACACCTCAGCATCATATCTGTAAAAGCTTTTTGCCACTCCTTAAAATTGAGTTCTGTGTAATGACTA	RNF1	AACACCTCAG	GTAATGACTA	FALSE
RNF1_bottom_mNeongreen_5720	ACAGAACTGAATTTTAAAGAGTGGCAAAAAGCCTTTACAGATATGATG	AACACCTCAGCATCATATCTGTAAAGGCTTTTTGCCACTCTTTAAAATTCAGTTCTGTGTAATGACTA	RNF1	AACACCTCAG	GTAATGACTA	FALSE
RNF1_bottom_mNeongreen_5204	ACAGAACTCAACTTTAAAGAGTGGCAAAAAGCTTTTACAGATATGATG	AACACCTCAGCATCATATCTGTAAAAGCTTTTTGCCACTCTTTAAAGTTGAGTTCTGTGTAATGACTA	RNF1	AACACCTCAG	GTAATGACTA	FALSE
RNF1_bottom_mNeongreen_5240	ACAGAACTGAATTTTAAGGAGTGGCAAAAAGCTTTTACAGATATGATG	AACACCTCAGCATCATATCTGTAAAAGCTTTTTGCCACTCCTTAAAATTCAGTTCTGTGTAATGACTA	RNF1	AACACCTCAG	GTAATGACTA	FALSE
TP53_bottom_mNeongreen_2938	ACAGAGCTGAATTTTAAGGAGTGGCAAAAGGCCTTCACCGACATGATG	GCGGCTCCTCCATCATGTCGGTGAAGGCCTTTTGCCACTCCTTAAAATTCAGCTCTGTCATGGCAGTG	TP53	GCGGCTCCTC	CATGGCAGTG	FALSE
TP53_bottom_mNeongreen_3425	ACCGAACTGAACTTCAAGGAGTGGCAAAAGGCTTTTACCGACATGATG	GCGGCTCCTCCATCATGTCGGTAAAAGCCTTTTGCCACTCCTTGAAGTTCAGTTCGGTCATGGCAGTG	TP53	GCGGCTCCTC	CATGGCAGTG	FALSE
TP53_bottom_mNeongreen_3429	ACCGAACTCAACTTCAAGGAGTGGCAAAAGGCTTTTACCGACATGATG	GCGGCTCCTCCATCATGTCGGTAAAAGCCTTTTGCCACTCCTTGAAGTTGAGTTCGGTCATGGCAGTG	TP53	GCGGCTCCTC	CATGGCAGTG	FALSE
TP53_bottom_mNeongreen_2359	ACCGAGCTCAACTTTAAGGAATGGCAAAAGGCTTTCACCGACATGATG	GCGGCTCCTCCATCATGTCGGTGAAAGCCTTTTGCCATTCCTTAAAGTTGAGCTCGGTCATGGCAGTG	TP53	GCGGCTCCTC	CATGGCAGTG	FALSE
TP53_bottom_mNeongreen_2343	ACCGAGCTCAACTTCAAGGAATGGCAAAAGGCTTTCACCGACATGATG	GCGGCTCCTCCATCATGTCGGTGAAAGCCTTTTGCCATTCCTTGAAGTTGAGCTCGGTCATGGCAGTG	TP53	GCGGCTCCTC	CATGGCAGTG	FALSE
TP53_rc_bottom_mNeongreen_3555	CATCATGTCGGTAAAAGCCTTCTGCCACTCCTTGAAGTTCAGCTCGGT	CACTGCCATGACCGAGCTGAACTTCAAGGAGTGGCAGAAGGCTTTTACCGACATGATGGAGGAGCCGC	TP53_rc	CACTGCCATG	GAGGAGCCGC	TRUE
TP53_rc_bottom_mNeongreen_7258	CATCATATCGGTAAAAGCTTTTTGCCACTCTTTAAAATTCAGCTCTGT	CACTGCCATGACAGAGCTGAATTTTAAAGAGTGGCAAAAAGCTTTTACCGATATGATGGAGGAGCCGC	TP53_rc	CACTGCCATG	GAGGAGCCGC	TRUE
TP53_rc_bottom_mNeongreen_4222	CATCATATCTGTGAAAGCTTTTTGCCACTCCTTAAAATTGAGCTCTGT	CACTGCCATGACAGAGCTCAATTTTAAGGAGTGGCAAAAAGCTTTCACAGATATGATGGAGGAGCCGC	TP53_rc	CACTGCCATG	GAGGAGCCGC	TRUE
TP53_rc_bottom_mNeongreen_5242	CATCATATCTGTAAAAGCTTTTTGCCACTCCTTAAAATTCAGCTCTGT	CACTGCCATGACAGAGCTGAATTTTAAGGAGTGGCAAAAAGCTTTTACAGATATGATGGAGGAGCCGC	TP53_rc	CACTGCCATG	GAGGAGCCGC	TRUE
TP53_rc_bottom_mNeongreen_5246	CATCATATCTGTAAAAGCTTTTTGCCACTCCTTAAAATTGAGCTCTGT	CACTGCCATGACAGAGCTCAATTTTAAGGAGTGGCAAAAAGCTTTTACAGATATGATGGAGGAGCCGC	TP53_rc	CACTGCCATG	GAGGAGCCGC	TRUE
ACTB_bottom_mNeongreen_linker_5513	GGCAGCAGCGGCACAGAACTGAATTTTAAAGAGTGGCAAAAGGCTTTCACAGACATGATG	TATCATCATCCATCATGTCTGTGAAAGCCTTTTGCCACTCTTTAAAATTCAGTTCTGTGCCGCTGCTGCCCATGGTGAGC	ACTB	TATCATCATC	CATGGTGAGC	FALSE
ACTB_bottom_mNeongreen_linker_83961	GGCAGCAGCGGCACCGAGCTCAATTTTAAGGAGTGGCAAAAAGCTTTTACAGATATGATG	TATCATCATCCATCATATCTGTAAAAGCTTTTTGCCACTCCTTAAAATTGAGCTCGGTGCCGCTGCTGCCCATGGTGAGC	ACTB	TATCATCATC	CATGGTGAGC	FALSE
ACTB_bottom_mNeongreen_linker_87545	GGCAGCAGCGGCACCGAGCTCAATTTTAAAGAGTGGCAAAAGGCTTTTACAGATATGATG	TATCATCATCCATCATATCTGTAAAAGCCTTTTGCCACTCTTTAAAATTGAGCTCGGTGCCGCTGCTGCCCATGGTGAGC	ACTB	TATCATCATC	CATGGTGAGC	FALSE
ACTB_bottom_mNeongreen_linker_86041	GGCAGCAGCGGCACCGAACTGAACTTCAAAGAATGGCAAAAGGCTTTTACAGATATGATG	TATCATCATCCATCATATCTGTAAAAGCCTTTTGCCATTCTTTGAAGTTCAGTTCGGTGCCGCTGCTGCCCATGGTGAGC	ACTB	TATCATCATC	CATGGTGAGC	FALSE
ACTB_bottom_mNeongreen_linker_5016	GGAAGCAGCGGCACCGAACTGAATTTTAAGGAATGGCAAAAGGCTTTCACAGACATGATG	TATCATCATCCATCATGTCTGTGAAAGCCTTTTGCCATTCCTTAAAATTCAGTTCGGTGCCGCTGCTTCCCATGGTGAGC	ACTB	TATCATCATC	CATGGTGAGC	FALSE
ACTB_rc_bottom_mNeongreen_linker_54222	CATCATGTCGGTAAAAGCCTTTTGCCATTCCTTAAAATTGAGTTCTGTGCCGGAGGATCC	GCTCACCATGGGATCCTCCGGCACAGAACTCAATTTTAAGGAATGGCAAAAGGCTTTTACCGACATGATGGATGATGATA	ACTB_rc	GCTCACCATG	GATGATGATA	TRUE
ACTB_rc_bottom_mNeongreen_linker_54734	CATCATGTCGGTAAAAGCCTTTTGCCACTCTTTAAAATTGAGTTCTGTGCCGGAGGATCC	GCTCACCATGGGATCCTCCGGCACAGAACTCAATTTTAAAGAGTGGCAAAAGGCTTTTACCGACATGATGGATGATGATA	ACTB_rc	GCTCACCATG	GATGATGATA	TRUE
ACTB_rc_bottom_mNeongreen_linker_55246	CATCATGTCGGTAAAAGCCTTTTGCCACTCCTTAAAATTGAGTTCTGTGCCGGAGGATCC	GCTCACCATGGGATCCTCCGGCACAGAACTCAATTTTAAGGAGTGGCAAAAGGCTTTTACCGACATGATGGATGATGATA	ACTB_rc	GCTCACCATG	GATGATGATA	TRUE
ACTB_rc_bottom_mNeongreen_linker_16462	CATCATGTCTGTAAAAGCTTTTTGCCATTCTTTGAAGTTGAGTTCTGTGCCGGAGGATCC	GCTCACCATGGGATCCTCCGGCACAGAACTCAACTTCAAAGAATGGCAAAAAGCTTTTACAGACATGATGGATGATGATA	ACTB_rc	GCTCACCATG	GATGATGATA	TRUE
ACTB_rc_bottom_mNeongreen_linker_16974	CATCATGTCTGTAAAAGCTTTTTGCCATTCCTTGAAGTTGAGTTCTGTGCCGGAGGATCC	GCTCACCATGGGATCCTCCGGCACAGAACTCAACTTCAAGGAATGGCAAAAAGCTTTTACAGACATGATGGATGATGATA	ACTB_rc	GCTCACCATG	GATGATGATA	TRUE
HEK3_bottom_mNeongreen_linker_53471	GGCTCCTCCGGCACCGAACTCAATTTCAAAGAATGGCAAAAGGCTTTTACCGACATGATG	TCTGCCATCACATCATGTCGGTAAAAGCCTTTTGCCATTCTTTGAAATTGAGTTCGGTGCCGGAGGAGCCCGTGCTCAGT	HEK3	TCTGCCATCA	CGTGCTCAGT	FALSE
HEK3_bottom_mNeongreen_linker_53469	GGCAGCTCCGGCACCGAACTCAATTTCAAAGAATGGCAAAAGGCTTTTACCGACATGATG	TCTGCCATCACATCATGTCGGTAAAAGCCTTTTGCCATTCTTTGAAATTGAGTTCGGTGCCGGAGCTGCCCGTGCTCAGT	HEK3	TCTGCCATCA	CGTGCTCAGT	FALSE
HEK3_bottom_mNeongreen_linker_53407	GGCTCCTCCGGCACCGAACTGAATTTCAAAGAATGGCAAAAGGCTTTTACCGACATGATG	TCTGCCATCACATCATGTCGGTAAAAGCCTTTTGCCATTCTTTGAAATTCAGTTCGGTGCCGGAGGAGCCCGTGCTCAGT	HEK3	TCTGCCATCA	CGTGCTCAGT	FALSE
HEK3_bottom_mNeongreen_linker_53595	GGCTCCAGCGGCACCGAACTCAACTTTAAAGAATGGCAAAAGGCTTTTACCGACATGATG	TCTGCCATCACATCATGTCGGTAAAAGCCTTTTGCCATTCTTTAAAGTTGAGTTCGGTGCCGCTGGAGCCCGTGCTCAGT	HEK3	TCTGCCATCA	CGTGCTCAGT	FALSE
HEK3_bottom_mNeongreen_linker_118875	GGCTCCAGCGGCACCGAACTCAACTTCAAAGAATGGCAAAAGGCTTTTACCGATATGATG	TCTGCCATCACATCATATCGGTAAAAGCCTTTTGCCATTCTTTGAAGTTGAGTTCGGTGCCGCTGGAGCCCGTGCTCAGT	HEK3	TCTGCCATCA	CGTGCTCAGT	FALSE
LMNB1_bottom_mNeongreen_linker_82062	GGATCCTCCGGCACAGAACTGAATTTCAAAGAATGGCAAAAAGCTTTTACAGATATGATG	TCGCAGTCGCCATCATATCTGTAAAAGCTTTTTGCCATTCTTTGAAATTCAGTTCTGTGCCGGAGGATCCCATGGCGGGC	LMNB1	TCGCAGTCGC	CATGGCGGGC	FALSE
LMNB1_bottom_mNeongreen_linker_82325	GGCAGCTCCGGAACCGAACTGAATTTTAAAGAATGGCAAAAAGCTTTTACAGATATGATG	TCGCAGTCGCCATCATATCTGTAAAAGCTTTTTGCCATTCTTTAAAATTCAGTTCGGTTCCGGAGCTGCCCATGGCGGGC	LMNB1	TCGCAGTCGC	CATGGCGGGC	FALSE
LMNB1_bottom_mNeongreen_linker_82626	GGATCCAGCGGAACAGAACTCAATTTCAAGGAATGGCAAAAAGCTTTTACAGATATGATG	TCGCAGTCGCCATCATATCTGTAAAAGCTTTTTGCCATTCCTTGAAATTGAGTTCTGTTCCGCTGGATCCCATGGCGGGC	LMNB1	TCGCAGTCGC	CATGGCGGGC	FALSE
LMNB1_bottom_mNeongreen_linker_82502	GGATCCTCCGGAACAGAACTCAACTTCAAGGAATGGCAAAAAGCTTTTACAGATATGATG	TCGCAGTCGCCATCATATCTGTAAAAGCTTTTTGCCATTCCTTGAAGTTGAGTTCTGTTCCGGAGGATCCCATGGCGGGC	LMNB1	TCGCAGTCGC	CATGGCGGGC	FALSE
LMNB1_bottom_mNeongreen_linker_86278	GGATCCTCCGGAACAGAACTGAACTTTAAAGAATGGCAAAAGGCTTTTACAGATATGATG	TCGCAGTCGCCATCATATCTGTAAAAGCCTTTTGCCATTCTTTAAAGTTCAGTTCTGTTCCGGAGGATCCCATGGCGGGC	LMNB1	TCGCAGTCGC	CATGGCGGGC	FALSE
LMNB1_rc_bottom_mNeongreen_linker_115038	CATCATATCGGTAAAAGCTTTTTGCCATTCTTTAAAGTTGAGTTCGGTGCCGGAGGATCC	GCCCGCCATGGGATCCTCCGGCACCGAACTCAACTTTAAAGAATGGCAAAAAGCTTTTACCGATATGATGGCGACTGCGA	LMNB1_rc	GCCCGCCATG	GCGACTGCGA	TRUE
LMNB1_rc_bottom_mNeongreen_linker_114974	CATCATATCGGTAAAAGCTTTTTGCCATTCTTTAAAGTTCAGTTCGGTGCCGGAGGATCC	GCCCGCCATGGGATCCTCCGGCACCGAACTGAACTTTAAAGAATGGCAAAAAGCTTTTACCGATATGATGGCGACTGCGA	LMNB1_rc	GCCCGCCATG	GCGACTGCGA	TRUE
LMNB1_rc_bottom_mNeongreen_linker_115062	CATCATATCGGTAAAAGCTTTTTGCCATTCTTTAAAGTTGAGCTCGGTTCCGGAGGATCC	GCCCGCCATGGGATCCTCCGGAACCGAGCTCAACTTTAAAGAATGGCAAAAAGCTTTTACCGATATGATGGCGACTGCGA	LMNB1_rc	GCCCGCCATG	GCGACTGCGA	TRUE
LMNB1_rc_bottom_mNeongreen_linker_119118	CATCATATCGGTAAAAGCCTTTTGCCATTCTTTAAAGTTGAGTTCTGTGCCGGAGGATCC	GCCCGCCATGGGATCCTCCGGCACAGAACTCAACTTTAAAGAATGGCAAAAGGCTTTTACCGATATGATGGCGACTGCGA	LMNB1_rc	GCCCGCCATG	GCGACTGCGA	TRUE
LMNB1_rc_bottom_mNeongreen_linker_119134	CATCATATCGGTAAAAGCCTTTTGCCATTCTTTAAAGTTGAGTTCGGTGCCGGAGGATCC	GCCCGCCATGGGATCCTCCGGCACCGAACTCAACTTTAAAGAATGGCAAAAGGCTTTTACCGATATGATGGCGACTGCGA	LMNB1_rc	GCCCGCCATG	GCGACTGCGA	TRUE
NOLC1_bottom_mNeongreen_linker_20698	GGATCCAGCGGCACCGAACTCAATTTCAAAGAATGGCAAAAGGCTTTTACAGACATGATG	CGGCGTCCGCCATCATGTCTGTAAAAGCCTTTTGCCATTCTTTGAAATTGAGTTCGGTGCCGCTGGATCCCATCCTCCAG	NOLC1	CGGCGTCCGC	CATCCTCCAG	FALSE
NOLC1_bottom_mNeongreen_linker_114909	GGCAGCTCCGGCACCGAACTCAATTTCAAAGAATGGCAAAAAGCTTTTACCGATATGATG	CGGCGTCCGCCATCATATCGGTAAAAGCTTTTTGCCATTCTTTGAAATTGAGTTCGGTGCCGGAGCTGCCCATCCTCCAG	NOLC1	CGGCGTCCGC	CATCCTCCAG	FALSE
NOLC1_bottom_mNeongreen_linker_119259	GGCTCCAGCGGCACCGAACTCAATTTTAAAGAATGGCAAAAGGCTTTTACCGATATGATG	CGGCGTCCGCCATCATATCGGTAAAAGCCTTTTGCCATTCTTTAAAATTGAGTTCGGTGCCGCTGGAGCCCATCCTCCAG	NOLC1	CGGCGTCCGC	CATCCTCCAG	FALSE
NOLC1_bottom_mNeongreen_linker_20830	GGATCCTCCGGCACCGAACTCAACTTTAAAGAATGGCAAAAGGCTTTTACAGACATGATG	CGGCGTCCGCCATCATGTCTGTAAAAGCCTTTTGCCATTCTTTAAAGTTGAGTTCGGTGCCGGAGGATCCCATCCTCCAG	NOLC1	CGGCGTCCGC	CATCCTCCAG	FALSE
NOLC1_bottom_mNeongreen_linker_86622	GGATCCTCCGGCACCGAACTCAACTTCAAGGAATGGCAAAAGGCTTTTACAGATATGATG	CGGCGTCCGCCATCATATCTGTAAAAGCCTTTTGCCATTCCTTGAAGTTGAGTTCGGTGCCGGAGGATCCCATCCTCCAG	NOLC1	CGGCGTCCGC	CATCCTCCAG	FALSE
RNF1_bottom_mNeongreen_linker_87723	GGCTCCAGCGGCACAGAGCTGAATTTCAAGGAGTGGCAAAAGGCTTTTACAGATATGATG	AACACCTCAGCATCATATCTGTAAAAGCCTTTTGCCACTCCTTGAAATTCAGCTCTGTGCCGCTGGAGCCGTAATGACTA	RNF1	AACACCTCAG	GTAATGACTA	FALSE
RNF1_bottom_mNeongreen_linker_87866	GGATCCAGCGGCACCGAGCTGAACTTTAAGGAGTGGCAAAAGGCTTTTACAGATATGATG	AACACCTCAGCATCATATCTGTAAAAGCCTTTTGCCACTCCTTAAAGTTCAGCTCGGTGCCGCTGGATCCGTAATGACTA	RNF1	AACACCTCAG	GTAATGACTA	FALSE
RNF1_bottom_mNeongreen_linker_87738	GGATCCAGCGGCACCGAGCTGAATTTCAAGGAGTGGCAAAAGGCTTTTACAGATATGATG	AACACCTCAGCATCATATCTGTAAAAGCCTTTTGCCACTCCTTGAAATTCAGCTCGGTGCCGCTGGATCCGTAATGACTA	RNF1	AACACCTCAG	GTAATGACTA	FALSE
RNF1_bottom_mNeongreen_linker_87740	GGAAGCTCCGGCACCGAGCTGAATTTCAAGGAGTGGCAAAAGGCTTTTACAGATATGATG	AACACCTCAGCATCATATCTGTAAAAGCCTTTTGCCACTCCTTGAAATTCAGCTCGGTGCCGGAGCTTCCGTAATGACTA	RNF1	AACACCTCAG	GTAATGACTA	FALSE
RNF1_bottom_mNeongreen_linker_87868	GGAAGCTCCGGCACCGAGCTGAACTTTAAGGAGTGGCAAAAGGCTTTTACAGATATGATG	AACACCTCAGCATCATATCTGTAAAAGCCTTTTGCCACTCCTTAAAGTTCAGCTCGGTGCCGGAGCTTCCGTAATGACTA	RNF1	AACACCTCAG	GTAATGACTA	FALSE
TP53_bottom_mNeongreen_linker_53661	GGCAGCTCCGGCACCGAACTGAATTTTAAAGAATGGCAAAAGGCTTTTACCGACATGATG	GCGGCTCCTCCATCATGTCGGTAAAAGCCTTTTGCCATTCTTTAAAATTCAGTTCGGTGCCGGAGCTGCCCATGGCAGTG	TP53	GCGGCTCCTC	CATGGCAGTG	FALSE
TP53_bottom_mNeongreen_linker_119069	GGCAGCTCCGGCACCGAACTGAACTTTAAAGAATGGCAAAAGGCTTTTACCGATATGATG	GCGGCTCCTCCATCATATCGGTAAAAGCCTTTTGCCATTCTTTAAAGTTCAGTTCGGTGCCGGAGCTGCCCATGGCAGTG	TP53	GCGGCTCCTC	CATGGCAGTG	FALSE
TP53_bottom_mNeongreen_linker_115101	GGCAGCTCCGGCACCGAACTGAATTTTAAAGAATGGCAAAAAGCTTTTACCGATATGATG	GCGGCTCCTCCATCATATCGGTAAAAGCTTTTTGCCATTCTTTAAAATTCAGTTCGGTGCCGGAGCTGCCCATGGCAGTG	TP53	GCGGCTCCTC	CATGGCAGTG	FALSE
TP53_bottom_mNeongreen_linker_49287	GGCTCCTCCGGAACAGAACTGAATTTCAAAGAATGGCAAAAAGCTTTTACCGACATGATG	GCGGCTCCTCCATCATGTCGGTAAAAGCTTTTTGCCATTCTTTGAAATTCAGTTCTGTTCCGGAGGAGCCCATGGCAGTG	TP53	GCGGCTCCTC	CATGGCAGTG	FALSE
TP53_bottom_mNeongreen_linker_114906	GGATCCAGCGGCACCGAACTCAATTTCAAAGAATGGCAAAAAGCTTTTACCGATATGATG	GCGGCTCCTCCATCATATCGGTAAAAGCTTTTTGCCATTCTTTGAAATTGAGTTCGGTGCCGCTGGATCCCATGGCAGTG	TP53	GCGGCTCCTC	CATGGCAGTG	FALSE
TP53_rc_bottom_mNeongreen_linker_119647	CATCATATCGGTAAAAGCCTTTTGCCATTCCTTAAAGTTGAGTTCGGTGCCGGAGGAGCC	CACTGCCATGGGCTCCTCCGGCACCGAACTCAACTTTAAGGAATGGCAAAAGGCTTTTACCGATATGATGGAGGAGCCGC	TP53_rc	CACTGCCATG	GAGGAGCCGC	TRUE
TP53_rc_bottom_mNeongreen_linker_127903	CATCATATCGGTAAAGGCCTTTTGCCATTCCTTAAAATTCAGTTCGGTGCCGGAGGAGCC	CACTGCCATGGGCTCCTCCGGCACCGAACTGAATTTTAAGGAATGGCAAAAGGCCTTTACCGATATGATGGAGGAGCCGC	TP53_rc	CACTGCCATG	GAGGAGCCGC	TRUE
TP53_rc_bottom_mNeongreen_linker_120062	CATCATATCGGTAAAAGCCTTTTGCCACTCTTTGAAATTGAGCTCGGTGCCGGAGGATCC	CACTGCCATGGGATCCTCCGGCACCGAGCTCAATTTCAAAGAGTGGCAAAAGGCTTTTACCGATATGATGGAGGAGCCGC	TP53_rc	CACTGCCATG	GAGGAGCCGC	TRUE
TP53_rc_bottom_mNeongreen_linker_54782	CATCATGTCGGTAAAAGCCTTTTGCCACTCTTTAAAATTGAGCTCGGTGCCGGAGGATCC	CACTGCCATGGGATCCTCCGGCACCGAGCTCAATTTTAAAGAGTGGCAAAAGGCTTTTACCGACATGATGGAGGAGCCGC	TP53_rc	CACTGCCATG	GAGGAGCCGC	TRUE
TP53_rc_bottom_mNeongreen_linker_120190	CATCATATCGGTAAAAGCCTTTTGCCACTCTTTAAAGTTGAGCTCGGTGCCGGAGGATCC	CACTGCCATGGGATCCTCCGGCACCGAGCTCAACTTTAAAGAGTGGCAAAAGGCTTTTACCGATATGATGGAGGAGCCGC	TP53_rc	CACTGCCATG	GAGGAGCCGC	TRUE
ACTB_bottom_superdegron_1243423	TTCCAGTGTAATCAGTGTGGAGCTAGCTTTACACAAAAGGGCAATCTCCTCAGACATATTAAACTCCAC	TATCATCATCGTGGAGTTTAATATGTCTGAGGAGATTGCCCTTTTGTGTAAAGCTAGCTCCACACTGATTACACTGGAACATGGTGAGC	ACTB	TATCATCATC	CATGGTGAGC	FALSE
ACTB_bottom_superdegron_155927	TTCCAGTGTAATCAATGTGGAGCTAGCTTTACACAAAAAGGAAATCTCCTGAGACATATTAAACTGCAC	TATCATCATCGTGCAGTTTAATATGTCTCAGGAGATTTCCTTTTTGTGTAAAGCTAGCTCCACATTGATTACACTGGAACATGGTGAGC	ACTB	TATCATCATC	CATGGTGAGC	FALSE
ACTB_bottom_superdegron_1188119	TTCCAGTGTAATCAATGTGGAGCTAGCTTTACACAAAAAGGAAATCTGCTGAGACATATTAAACTCCAC	TATCATCATCGTGGAGTTTAATATGTCTCAGCAGATTTCCTTTTTGTGTAAAGCTAGCTCCACATTGATTACACTGGAACATGGTGAGC	ACTB	TATCATCATC	CATGGTGAGC	FALSE
ACTB_bottom_superdegron_1220887	TTCCAGTGTAATCAATGTGGAGCTAGCTTTACACAAAAAGGAAATCTGCTCAGACATATTAAACTCCAC	TATCATCATCGTGGAGTTTAATATGTCTGAGCAGATTTCCTTTTTGTGTAAAGCTAGCTCCACATTGATTACACTGGAACATGGTGAGC	ACTB	TATCATCATC	CATGGTGAGC	FALSE
ACTB_bottom_superdegron_1220894	TTCCAATGTAATCAGTGTGGAGCTAGCTTTACACAAAAAGGAAATCTGCTCAGACATATTAAACTCCAC	TATCATCATCGTGGAGTTTAATATGTCTGAGCAGATTTCCTTTTTGTGTAAAGCTAGCTCCACACTGATTACATTGGAACATGGTGAGC	ACTB	TATCATCATC	CATGGTGAGC	FALSE
ACTB_rc_bottom_superdegron_1413361	GTGGAGTTTGATGTGCCTGAGCAGGTTGCCTTTTTGTGTGAAGGAGGCGCCACATTGGTTGCACTGGAA	GCTCACCATGTTCCAGTGCAACCAATGTGGCGCCTCCTTCACACAAAAAGGCAACCTGCTCAGGCACATCAAACTCCACGATGATGATA	ACTB_rc	GCTCACCATG	GATGATGATA	TRUE
ACTB_rc_bottom_superdegron_1430133	GTGGAGTTTGATGTGCCTGAGGAGGTTGCCTTTTTGGGTGAAGCTGGCGCCACATTGATTGCACTGGAA	GCTCACCATGTTCCAGTGCAATCAATGTGGCGCCAGCTTCACCCAAAAAGGCAACCTCCTCAGGCACATCAAACTCCACGATGATGATA	ACTB_rc	GCTCACCATG	GATGATGATA	TRUE
ACTB_rc_bottom_superdegron_1544417	GTGGAGTTTGATATGCCTGAGCAGGTTGCCTTTTTGTGTGAAGGAGGCGCCGCATTGGTTGCACTGGAA	GCTCACCATGTTCCAGTGCAACCAATGCGGCGCCTCCTTCACACAAAAAGGCAACCTGCTCAGGCATATCAAACTCCACGATGATGATA	ACTB_rc	GCTCACCATG	GATGATGATA	TRUE
ACTB_rc_bottom_superdegron_1857770	GTGGAGCTTGATGTGTCTCAGGAGGTTGCCCTTTTGTGTGAAGGAGGCGCCGCACTGGTTACATTGGAA	GCTCACCATGTTCCAATGTAACCAGTGCGGCGCCTCCTTCACACAAAAGGGCAACCTCCTGAGACACATCAAGCTCCACGATGATGATA	ACTB_rc	GCTCACCATG	GATGATGATA	TRUE
ACTB_rc_bottom_superdegron_1962608	GTGGAGCTTGATGTGCCTGAGGAGATTGCCTTTTTGGGTGAAGCTGGCGCCACATTGGTTGCATTGGAA	GCTCACCATGTTCCAATGCAACCAATGTGGCGCCAGCTTCACCCAAAAAGGCAATCTCCTCAGGCACATCAAGCTCCACGATGATGATA	ACTB_rc	GCTCACCATG	GATGATGATA	TRUE
HEK3_bottom_superdegron_716818	TTCCAATGTAACCAATGTGGAGCTAGCTTCACACAAAAAGGCAATCTCCTCAGACATATTAAGCTGCAC	TCTGCCATCAGTGCAGCTTAATATGTCTGAGGAGATTGCCTTTTTGTGTGAAGCTAGCTCCACATTGGTTACATTGGAACGTGCTCAGT	HEK3	TCTGCCATCA	CGTGCTCAGT	FALSE
HEK3_bottom_superdegron_715702	TTCCAATGTAATCAATGTGGCGCTTCCTTTACCCAAAAGGGAAATCTCCTCAGACATATTAAGCTGCAC	TCTGCCATCAGTGCAGCTTAATATGTCTGAGGAGATTTCCCTTTTGGGTAAAGGAAGCGCCACATTGATTACATTGGAACGTGCTCAGT	HEK3	TCTGCCATCA	CGTGCTCAGT	FALSE
HEK3_bottom_superdegron_160567	TTCCAGTGTAATCAATGTGGCGCTAGCTTTACCCAAAAAGGCAATCTCCTGAGACATATTAAACTGCAC	TCTGCCATCAGTGCAGTTTAATATGTCTCAGGAGATTGCCTTTTTGGGTAAAGCTAGCGCCACATTGATTACACTGGAACGTGCTCAGT	HEK3	TCTGCCATCA	CGTGCTCAGT	FALSE
HEK3_bottom_superdegron_1274167	TTCCAGTGTAATCAATGTGGCGCTAGCTTTACACAAAAAGGCAATCTCCTGAGGCATATTAAACTCCAC	TCTGCCATCAGTGGAGTTTAATATGCCTCAGGAGATTGCCTTTTTGTGTAAAGCTAGCGCCACATTGATTACACTGGAACGTGCTCAGT	HEK3	TCTGCCATCA	CGTGCTCAGT	FALSE
HEK3_bottom_superdegron_1274174	TTCCAATGTAATCAGTGTGGCGCTAGCTTTACACAAAAAGGCAATCTCCTGAGGCATATTAAACTCCAC	TCTGCCATCAGTGGAGTTTAATATGCCTCAGGAGATTGCCTTTTTGTGTAAAGCTAGCGCCACACTGATTACATTGGAACGTGCTCAGT	HEK3	TCTGCCATCA	CGTGCTCAGT	FALSE
LMNB1_bottom_superdegron_1204498	TTCCAATGTAACCAATGTGGAGCTAGCTTTACACAAAAAGGAAATCTCCTGAGACATATTAAACTCCAC	TCGCAGTCGCGTGGAGTTTAATATGTCTCAGGAGATTTCCTTTTTGTGTAAAGCTAGCTCCACATTGGTTACATTGGAACATGGCGGGC	LMNB1	TCGCAGTCGC	CATGGCGGGC	FALSE
LMNB1_bottom_superdegron_1220887	TTCCAGTGTAATCAATGTGGAGCTAGCTTTACACAAAAAGGAAATCTGCTCAGACATATTAAACTCCAC	TCGCAGTCGCGTGGAGTTTAATATGTCTGAGCAGATTTCCTTTTTGTGTAAAGCTAGCTCCACATTGATTACACTGGAACATGGCGGGC	LMNB1	TCGCAGTCGC	CATGGCGGGC	FALSE
LMNB1_bottom_superdegron_1220894	TTCCAATGTAATCAGTGTGGAGCTAGCTTTACACAAAAAGGAAATCTGCTCAGACATATTAAACTCCAC	TCGCAGTCGCGTGGAGTTTAATATGTCTGAGCAGATTTCCTTTTTGTGTAAAGCTAGCTCCACACTGATTACATTGGAACATGGCGGGC	LMNB1	TCGCAGTCGC	CATGGCGGGC	FALSE
LMNB1_bottom_superdegron_1239318	TTCCAATGTAATCAATGTGGAGCTAGCTTTACACAAAAGGGAAATCTCCTCAGACATATTAAACTCCAC	TCGCAGTCGCGTGGAGTTTAATATGTCTGAGGAGATTTCCCTTTTGTGTAAAGCTAGCTCCACATTGATTACATTGGAACATGGCGGGC	LMNB1	TCGCAGTCGC	CATGGCGGGC	FALSE
LMNB1_bottom_superdegron_172310	TTCCAATGTAATCAATGTGGAGCTAGCTTTACACAAAAAGGAAATCTGCTCAGACATATTAAACTGCAC	TCGCAGTCGCGTGCAGTTTAATATGTCTGAGCAGATTTCCTTTTTGTGTAAAGCTAGCTCCACATTGATTACATTGGAACATGGCGGGC	LMNB1	TCGCAGTCGC	CATGGCGGGC	FALSE
LMNB1_rc_bottom_superdegron_1413881	GTGGAGTTTGATGTGCCTGAGCAGGTTGCCTTTTTGGGTGAAGGAGGCGCCACACTGGTTGCACTGGAA	GCCCGCCATGTTCCAGTGCAACCAGTGTGGCGCCTCCTTCACCCAAAAAGGCAACCTGCTCAGGCACATCAAACTCCACGCGACTGCGA	LMNB1_rc	GCCCGCCATG	GCGACTGCGA	TRUE
LMNB1_rc_bottom_superdegron_1872619	GTGGAGCTTGATGTGTCTGAGCAGGTTGCCTTTTTGGGTGAAGGAGGCGCCGCACTGGTTACACTGGAA	GCCCGCCATGTTCCAGTGTAACCAGTGCGGCGCCTCCTTCACCCAAAAAGGCAACCTGCTCAGACACATCAAGCTCCACGCGACTGCGA	LMNB1_rc	GCCCGCCATG	GCGACTGCGA	TRUE
LMNB1_rc_bottom_superdegron_1872633	GTGGAGCTTGATGTGTCTGAGCAGGTTGCCTTTTTGGGTGAAGGAGGCGCCACACTGGTTGCACTGGAA	GCCCGCCATGTTCCAGTGCAACCAGTGTGGCGCCTCCTTCACCCAAAAAGGCAACCTGCTCAGACACATCAAGCTCCACGCGACTGCGA	LMNB1_rc	GCCCGCCATG	GCGACTGCGA	TRUE
LMNB1_rc_bottom_superdegron_1938147	GTGGAGCTTGATGTGCCTGAGCAGGTTGCCTTTTTGGGTGAAGGAGGCGCCGCATTGGTTACACTGGAA	GCCCGCCATGTTCCAGTGTAACCAATGCGGCGCCTCCTTCACCCAAAAAGGCAACCTGCTCAGGCACATCAAGCTCCACGCGACTGCGA	LMNB1_rc	GCCCGCCATG	GCGACTGCGA	TRUE
LMNB1_rc_bottom_superdegron_1417328	GTGGAGTTTGATGTGCCTGAGCAGATTTCCTTTTTGTGTGAAGCTGGCGCCACATTGGTTGCATTGGAA	GCCCGCCATGTTCCAATGCAACCAATGTGGCGCCAGCTTCACACAAAAAGGAAATCTGCTCAGGCACATCAAACTCCACGCGACTGCGA	LMNB1_rc	GCCCGCCATG	GCGACTGCGA	TRUE
NOLC1_bottom_superdegron_76078	TTCCAATGTAATCAGTGCGGCGCTAGCTTTACACAAAAGGGAAATCTGCTGAGGCACATTAAACTGCAC	CGGCGTCCGCGTGCAGTTTAATGTGCCTCAGCAGATTTCCCTTTTGTGTAAAGCTAGCGCCGCACTGATTACATTGGAACATCCTCCAG	NOLC1	CGGCGTCCGC	CATCCTCCAG	FALSE
NOLC1_bottom_superdegron_210982	TTCCAATGTAATCAATGCGGCGCTAGCTTCACACAAAAGGGCAATCTGCTGAGGCATATTAAACTGCAC	CGGCGTCCGCGTGCAGTTTAATATGCCTCAGCAGATTGCCCTTTTGTGTGAAGCTAGCGCCGCATTGATTACATTGGAACATCCTCCAG	NOLC1	CGGCGTCCGC	CATCCTCCAG	FALSE
NOLC1_bottom_superdegron_473142	TTCCAATGTAATCAATGTGGCGCTAGCTTCACACAAAAGGGCAATCTGCTGAGGCATATCAAACTGCAC	CGGCGTCCGCGTGCAGTTTGATATGCCTCAGCAGATTGCCCTTTTGTGTGAAGCTAGCGCCACATTGATTACATTGGAACATCCTCCAG	NOLC1	CGGCGTCCGC	CATCCTCCAG	FALSE
NOLC1_bottom_superdegron_473394	TTCCAATGTAACCAATGTGGCGCTAGCTTTACACAAAAGGGCAATCTGCTGAGGCATATCAAACTGCAC	CGGCGTCCGCGTGCAGTTTGATATGCCTCAGCAGATTGCCCTTTTGTGTAAAGCTAGCGCCACATTGGTTACATTGGAACATCCTCCAG	NOLC1	CGGCGTCCGC	CATCCTCCAG	FALSE
NOLC1_bottom_superdegron_895286	TTCCAATGTAATCAATGTGGCGCTAGCTTTACACAAAAGGGAAATCTGCTCAGGCACATCAAGCTGCAC	CGGCGTCCGCGTGCAGCTTGATGTGCCTGAGCAGATTTCCCTTTTGTGTAAAGCTAGCGCCACATTGATTACATTGGAACATCCTCCAG	NOLC1	CGGCGTCCGC	CATCCTCCAG	FALSE
RNF1_bottom_superdegron_995341	TTCCAGTGCAATCAGTGCGGAGCTAGCTTCACACAAAAAGGCAATCTGCTGAGGCATATCAAGCTGCAC	AACACCTCAGGTGCAGCTTGATATGCCTCAGCAGATTGCCTTTTTGTGTGAAGCTAGCTCCGCACTGATTGCACTGGAAGTAATGACTA	RNF1	AACACCTCAG	GTAATGACTA	FALSE
RNF1_bottom_superdegron_997645	TTCCAGTGCAATCAGTGCGGAGCTAGCTTTACACAAAAGGGCAATCTGCTGAGGCATATCAAGCTGCAC	AACACCTCAGGTGCAGCTTGATATGCCTCAGCAGATTGCCCTTTTGTGTAAAGCTAGCTCCGCACTGATTGCACTGGAAGTAATGACTA	RNF1	AACACCTCAG	GTAATGACTA	FALSE
RNF1_bottom_superdegron_198745	TTCCAGTGCAACCAGTGTGGAGCCAGCTTCACACAAAAGGGAAACCTGCTGAGGCATATTAAACTGCAC	AACACCTCAGGTGCAGTTTAATATGCCTCAGCAGGTTTCCCTTTTGTGTGAAGCTGGCTCCACACTGGTTGCACTGGAAGTAATGACTA	RNF1	AACACCTCAG	GTAATGACTA	FALSE
RNF1_bottom_superdegron_202777	TTCCAGTGCAACCAGTGTGGAGCTAGCTTCACACAAAAGGGCAACCTGCTGAGGCATATTAAACTGCAC	AACACCTCAGGTGCAGTTTAATATGCCTCAGCAGGTTGCCCTTTTGTGTGAAGCTAGCTCCACACTGGTTGCACTGGAAGTAATGACTA	RNF1	AACACCTCAG	GTAATGACTA	FALSE
RNF1_bottom_superdegron_1812581	TTCCAGTGCAATCAATGCGGCGCCAGCTTCACACAAAAGGGAAATCTGCTCAGGCATATTAAGCTCCAC	AACACCTCAGGTGGAGCTTAATATGCCTGAGCAGATTTCCCTTTTGTGTGAAGCTGGCGCCGCATTGATTGCACTGGAAGTAATGACTA	RNF1	AACACCTCAG	GTAATGACTA	FALSE
TP53_bottom_superdegron_727166	TTCCAATGTAATCAGTGTGGCGCCAGCTTCACACAAAAGGGCAACCTGCTGAGGCATATTAAGCTGCAC	GCGGCTCCTCGTGCAGCTTAATATGCCTCAGCAGGTTGCCCTTTTGTGTGAAGCTGGCGCCACACTGATTACATTGGAACATGGCAGTG	TP53	GCGGCTCCTC	CATGGCAGTG	FALSE
TP53_bottom_superdegron_727340	TTCCAATGCAATCAGTGCGGCGCTAGCTTTACACAAAAGGGCAACCTGCTGAGGCATATTAAGCTGCAC	GCGGCTCCTCGTGCAGCTTAATATGCCTCAGCAGGTTGCCCTTTTGTGTAAAGCTAGCGCCGCACTGATTGCATTGGAACATGGCAGTG	TP53	GCGGCTCCTC	CATGGCAGTG	FALSE
TP53_bottom_superdegron_727372	TTCCAATGCAATCAGTGCGGAGCCAGCTTTACACAAAAGGGCAACCTGCTGAGGCATATTAAGCTGCAC	GCGGCTCCTCGTGCAGCTTAATATGCCTCAGCAGGTTGCCCTTTTGTGTAAAGCTGGCTCCGCACTGATTGCATTGGAACATGGCAGTG	TP53	GCGGCTCCTC	CATGGCAGTG	FALSE
TP53_bottom_superdegron_727406	TTCCAATGTAATCAGTGCGGCGCCAGCTTTACACAAAAGGGCAACCTGCTGAGGCATATTAAGCTGCAC	GCGGCTCCTCGTGCAGCTTAATATGCCTCAGCAGGTTGCCCTTTTGTGTAAAGCTGGCGCCGCACTGATTACATTGGAACATGGCAGTG	TP53	GCGGCTCCTC	CATGGCAGTG	FALSE
TP53_bottom_superdegron_735276	TTCCAATGCAATCAGTGCGGCGCTAGCTTCACACAAAAGGGCAATCTGCTGAGGCATATTAAGCTGCAC	GCGGCTCCTCGTGCAGCTTAATATGCCTCAGCAGATTGCCCTTTTGTGTGAAGCTAGCGCCGCACTGATTGCATTGGAACATGGCAGTG	TP53	GCGGCTCCTC	CATGGCAGTG	FALSE
TP53_rc_bottom_superdegron_172326	GTGCAGTTTAATATGTCTGAGCAGATTTCCTTTTTGTGTAAAGCTAGCGCCGCATTGATTACATTGGAA	CACTGCCATGTTCCAATGTAATCAATGCGGCGCTAGCTTTACACAAAAAGGAAATCTGCTCAGACATATTAAACTGCACGAGGAGCCGC	TP53_rc	CACTGCCATG	GAGGAGCCGC	TRUE
TP53_rc_bottom_superdegron_174374	GTGCAGTTTAATATGTCTGAGCAGATTTCCCTTTTGTGTAAAGCTAGCGCCGCATTGATTACATTGGAA	CACTGCCATGTTCCAATGTAATCAATGCGGCGCTAGCTTTACACAAAAGGGAAATCTGCTCAGACATATTAAACTGCACGAGGAGCCGC	TP53_rc	CACTGCCATG	GAGGAGCCGC	TRUE
TP53_rc_bottom_superdegron_434470	GTGCAGTTTGATATGTCTGAGCAGATTTCCTTTTTGTGTAAAGCTAGCGCCGCATTGATTACATTGGAA	CACTGCCATGTTCCAATGTAATCAATGCGGCGCTAGCTTTACACAAAAAGGAAATCTGCTCAGACATATCAAACTGCACGAGGAGCCGC	TP53_rc	CACTGCCATG	GAGGAGCCGC	TRUE
TP53_rc_bottom_superdegron_434486	GTGCAGTTTGATATGTCTGAGCAGATTTCCTTTTTGTGTAAAGCTAGCGCCACATTGATTACATTGGAA	CACTGCCATGTTCCAATGTAATCAATGTGGCGCTAGCTTTACACAAAAAGGAAATCTGCTCAGACATATCAAACTGCACGAGGAGCCGC	TP53_rc	CACTGCCATG	GAGGAGCCGC	TRUE
TP53_rc_bottom_superdegron_436534	GTGCAGTTTGATATGTCTGAGCAGATTTCCCTTTTGTGTAAAGCTAGCGCCACATTGATTACATTGGAA	CACTGCCATGTTCCAATGTAATCAATGTGGCGCTAGCTTTACACAAAAGGGAAATCTGCTCAGACATATCAAACTGCACGAGGAGCCGC	TP53_rc	CACTGCCATG	GAGGAGCCGC	TRUE
ACTB_codon_optimized_linker_284090	GGGAGCTCTGGAGGCTCCTCAGGT	TATCATCATCACCTGAGGAGCCTCCAGAGCTCCCCATGGTGAGC	ACTB	TATCATCATC	CATGGTGAGC	FALSE
ACTB_codon_optimized_hibit_326	GTGTCCGGCTGGAGACTGTTCAAGAAAATCAGC	TATCATCATCGCTGATTTTCTTGAACAGTCTCCAGCCGGACACCATGGTGAGC	ACTB	TATCATCATC	CATGGTGAGC	FALSE
ACTB_codon_optimized_his6_38	CACCATCATCACCACCAT	TATCATCATCATGGTGGTGATGATGGTGCATGGTGAGC	ACTB	TATCATCATC	CATGGTGAGC	FALSE
ACTB_codon_optimized_mNeongreen_3746	ACAGAGCTGAACTTCAAGGAATGGCAGAAAGCCTTTACCGACATGATG	TATCATCATCCATCATGTCGGTAAAGGCTTTCTGCCATTCCTTGAAGTTCAGCTCTGTCATGGTGAGC	ACTB	TATCATCATC	CATGGTGAGC	FALSE
ACTB_codon_optimized_mNeongreen_linker_59941	GGCAGCTCCGGAACAGAGCTGAACTTCAAGGAATGGCAGAAAGCCTTTACCGACATGATG	TATCATCATCCATCATGTCGGTAAAGGCTTTCTGCCATTCCTTGAAGTTCAGCTCTGTTCCGGAGCTGCCCATGGTGAGC	ACTB	TATCATCATC	CATGGTGAGC	FALSE
ACTB_codon_optimized_superdegron_833112	TTCCAATGCAACCAGTGTGGAGCCAGCTTCACCCAGAAAGGCAATCTGCTCAGACACATCAAGCTGCAC	TATCATCATCGTGCAGCTTGATGTGTCTGAGCAGATTGCCTTTCTGGGTGAAGCTGGCTCCACACTGGTTGCATTGGAACATGGTGAGC	ACTB	TATCATCATC	CATGGTGAGC	FALSE
ACTB_rc_codon_optimized_linker_284090	ACCTGAGGAGCCTCCAGAGCTCCC	GCTCACCATGGGGAGCTCTGGAGGCTCCTCAGGTGATGATGATA	ACTB_rc	GCTCACCATG	GATGATGATA	TRUE
ACTB_rc_codon_optimized_hibit_326	GCTGATTTTCTTGAACAGTCTCCAGCCGGACAC	GCTCACCATGGTGTCCGGCTGGAGACTGTTCAAGAAAATCAGCGATGATGATA	ACTB_rc	GCTCACCATG	GATGATGATA	TRUE
ACTB_rc_codon_optimized_his6_38	ATGGTGGTGATGATGGTG	GCTCACCATGCACCATCATCACCACCATGATGATGATA	ACTB_rc	GCTCACCATG	GATGATGATA	TRUE
ACTB_rc_codon_optimized_mNeongreen_3746	CATCATGTCGGTAAAGGCTTTCTGCCATTCCTTGAAGTTCAGCTCTGT	GCTCACCATGACAGAGCTGAACTTCAAGGAATGGCAGAAAGCCTTTACCGACATGATGGATGATGATA	ACTB_rc	GCTCACCATG	GATGATGATA	TRUE
ACTB_rc_codon_optimized_mNeongreen_linker_59941	CATCATGTCGGTAAAGGCTTTCTGCCATTCCTTGAAGTTCAGCTCTGTTCCGGAGCTGCC	GCTCACCATGGGCAGCTCCGGAACAGAGCTGAACTTCAAGGAATGGCAGAAAGCCTTTACCGACATGATGGATGATGATA	ACTB_rc	GCTCACCATG	GATGATGATA	TRUE
ACTB_rc_codon_optimized_superdegron_833112	GTGCAGCTTGATGTGTCTGAGCAGATTGCCTTTCTGGGTGAAGCTGGCTCCACACTGGTTGCATTGGAA	GCTCACCATGTTCCAATGCAACCAGTGTGGAGCCAGCTTCACCCAGAAAGGCAATCTGCTCAGACACATCAAGCTGCACGATGATGATA	ACTB_rc	GCTCACCATG	GATGATGATA	TRUE
HEK3_codon_optimized_linker_284090	GGGAGCTCTGGAGGCTCCTCAGGT	TCTGCCATCAACCTGAGGAGCCTCCAGAGCTCCCCGTGCTCAGT	HEK3	TCTGCCATCA	CGTGCTCAGT	FALSE
HEK3_codon_optimized_hibit_326	GTGTCCGGCTGGAGACTGTTCAAGAAAATCAGC	TCTGCCATCAGCTGATTTTCTTGAACAGTCTCCAGCCGGACACCGTGCTCAGT	HEK3	TCTGCCATCA	CGTGCTCAGT	FALSE
HEK3_codon_optimized_his6_38	CACCATCATCACCACCAT	TCTGCCATCAATGGTGGTGATGATGGTGCGTGCTCAGT	HEK3	TCTGCCATCA	CGTGCTCAGT	FALSE
HEK3_codon_optimized_mNeongreen_3746	ACAGAGCTGAACTTCAAGGAATGGCAGAAAGCCTTTACCGACATGATG	TCTGCCATCACATCATGTCGGTAAAGGCTTTCTGCCATTCCTTGAAGTTCAGCTCTGTCGTGCTCAGT	HEK3	TCTGCCATCA	CGTGCTCAGT	FALSE
HEK3_codon_optimized_mNeongreen_linker_59941	GGCAGCTCCGGAACAGAGCTGAACTTCAAGGAATGGCAGAAAGCCTTTACCGACATGATG	TCTGCCATCACATCATGTCGGTAAAGGCTTTCTGCCATTCCTTGAAGTTCAGCTCTGTTCCGGAGCTGCCCGTGCTCAGT	HEK3	TCTGCCATCA	CGTGCTCAGT	FALSE
HEK3_codon_optimized_superdegron_833112	TTCCAATGCAACCAGTGTGGAGCCAGCTTCACCCAGAAAGGCAATCTGCTCAGACACATCAAGCTGCAC	TCTGCCATCAGTGCAGCTTGATGTGTCTGAGCAGATTGCCTTTCTGGGTGAAGCTGGCTCCACACTGGTTGCATTGGAACGTGCTCAGT	HEK3	TCTGCCATCA	CGTGCTCAGT	FALSE
LMNB1_codon_optimized_linker_284090	GGGAGCTCTGGAGGCTCCTCAGGT	TCGCAGTCGCACCTGAGGAGCCTCCAGAGCTCCCCATGGCGGGC	LMNB1	TCGCAGTCGC	CATGGCGGGC	FALSE
LMNB1_codon_optimized_hibit_326	GTGTCCGGCTGGAGACTGTTCAAGAAAATCAGC	TCGCAGTCGCGCTGATTTTCTTGAACAGTCTCCAGCCGGACACCATGGCGGGC	LMNB1	TCGCAGTCGC	CATGGCGGGC	FALSE
LMNB1_codon_optimized_his6_38	CACCATCATCACCACCAT	TCGCAGTCGCATGGTGGTGATGATGGTGCATGGCGGGC	LMNB1	TCGCAGTCGC	CATGGCGGGC	FALSE
LMNB1_codon_optimized_mNeongreen_3746	ACAGAGCTGAACTTCAAGGAATGGCAGAAAGCCTTTACCGACATGATG	TCGCAGTCGCCATCATGTCGGTAAAGGCTTTCTGCCATTCCTTGAAGTTCAGCTCTGTCATGGCGGGC	LMNB1	TCGCAGTCGC	CATGGCGGGC	FALSE
LMNB1_codon_optimized_mNeongreen_linker_59941	GGCAGCTCCGGAACAGAGCTGAACTTCAAGGAATGGCAGAAAGCCTTTACCGACATGATG	TCGCAGTCGCCATCATGTCGGTAAAGGCTTTCTGCCATTCCTTGAAGTTCAGCTCTGTTCCGGAGCTGCCCATGGCGGGC	LMNB1	TCGCAGTCGC	CATGGCGGGC	FALSE
LMNB1_codon_optimized_superdegron_833112	TTCCAATGCAACCAGTGTGGAGCCAGCTTCACCCAGAAAGGCAATCTGCTCAGACACATCAAGCTGCAC	TCGCAGTCGCGTGCAGCTTGATGTGTCTGAGCAGATTGCCTTTCTGGGTGAAGCTGGCTCCACACTGGTTGCATTGGAACATGGCGGGC	LMNB1	TCGCAGTCGC	CATGGCGGGC	FALSE
LMNB1_rc_codon_optimized_linker_284090	ACCTGAGGAGCCTCCAGAGCTCCC	GCCCGCCATGGGGAGCTCTGGAGGCTCCTCAGGTGCGACTGCGA	LMNB1_rc	GCCCGCCATG	GCGACTGCGA	TRUE
LMNB1_rc_codon_optimized_hibit_326	GCTGATTTTCTTGAACAGTCTCCAGCCGGACAC	GCCCGCCATGGTGTCCGGCTGGAGACTGTTCAAGAAAATCAGCGCGACTGCGA	LMNB1_rc	GCCCGCCATG	GCGACTGCGA	TRUE
LMNB1_rc_codon_optimized_his6_38	ATGGTGGTGATGATGGTG	GCCCGCCATGCACCATCATCACCACCATGCGACTGCGA	LMNB1_rc	GCCCGCCATG	GCGACTGCGA	TRUE
LMNB1_rc_codon_optimized_mNeongreen_3746	CATCATGTCGGTAAAGGCTTTCTGCCATTCCTTGAAGTTCAGCTCTGT	GCCCGCCATGACAGAGCTGAACTTCAAGGAATGGCAGAAAGCCTTTACCGACATGATGGCGACTGCGA	LMNB1_rc	GCCCGCCATG	GCGACTGCGA	TRUE
LMNB1_rc_codon_optimized_mNeongreen_linker_59941	CATCATGTCGGTAAAGGCTTTCTGCCATTCCTTGAAGTTCAGCTCTGTTCCGGAGCTGCC	GCCCGCCATGGGCAGCTCCGGAACAGAGCTGAACTTCAAGGAATGGCAGAAAGCCTTTACCGACATGATGGCGACTGCGA	LMNB1_rc	GCCCGCCATG	GCGACTGCGA	TRUE
LMNB1_rc_codon_optimized_superdegron_833112	GTGCAGCTTGATGTGTCTGAGCAGATTGCCTTTCTGGGTGAAGCTGGCTCCACACTGGTTGCATTGGAA	GCCCGCCATGTTCCAATGCAACCAGTGTGGAGCCAGCTTCACCCAGAAAGGCAATCTGCTCAGACACATCAAGCTGCACGCGACTGCGA	LMNB1_rc	GCCCGCCATG	GCGACTGCGA	TRUE
NOLC1_codon_optimized_linker_284090	GGGAGCTCTGGAGGCTCCTCAGGT	CGGCGTCCGCACCTGAGGAGCCTCCAGAGCTCCCCATCCTCCAG	NOLC1	CGGCGTCCGC	CATCCTCCAG	FALSE
NOLC1_codon_optimized_hibit_326	GTGTCCGGCTGGAGACTGTTCAAGAAAATCAGC	CGGCGTCCGCGCTGATTTTCTTGAACAGTCTCCAGCCGGACACCATCCTCCAG	NOLC1	CGGCGTCCGC	CATCCTCCAG	FALSE
NOLC1_codon_optimized_his6_38	CACCATCATCACCACCAT	CGGCGTCCGCATGGTGGTGATGATGGTGCATCCTCCAG	NOLC1	CGGCGTCCGC	CATCCTCCAG	FALSE
NOLC1_codon_optimized_mNeongreen_3746	ACAGAGCTGAACTTCAAGGAATGGCAGAAAGCCTTTACCGACATGATG	CGGCGTCCGCCATCATGTCGGTAAAGGCTTTCTGCCATTCCTTGAAGTTCAGCTCTGTCATCCTCCAG	NOLC1	CGGCGTCCGC	CATCCTCCAG	FALSE
NOLC1_codon_optimized_mNeongreen_linker_59941	GGCAGCTCCGGAACAGAGCTGAACTTCAAGGAATGGCAGAAAGCCTTTACCGACATGATG	CGGCGTCCGCCATCATGTCGGTAAAGGCTTTCTGCCATTCCTTGAAGTTCAGCTCTGTTCCGGAGCTGCCCATCCTCCAG	NOLC1	CGGCGTCCGC	CATCCTCCAG	FALSE
NOLC1_codon_optimized_superdegron_833112	TTCCAATGCAACCAGTGTGGAGCCAGCTTCACCCAGAAAGGCAATCTGCTCAGACACATCAAGCTGCAC	CGGCGTCCGCGTGCAGCTTGATGTGTCTGAGCAGATTGCCTTTCTGGGTGAAGCTGGCTCCACACTGGTTGCATTGGAACATCCTCCAG	NOLC1	CGGCGTCCGC	CATCCTCCAG	FALSE
RNF1_codon_optimized_linker_284090	GGGAGCTCTGGAGGCTCCTCAGGT	AACACCTCAGACCTGAGGAGCCTCCAGAGCTCCCGTAATGACTA	RNF1	AACACCTCAG	GTAATGACTA	FALSE
RNF1_codon_optimized_hibit_326	GTGTCCGGCTGGAGACTGTTCAAGAAAATCAGC	AACACCTCAGGCTGATTTTCTTGAACAGTCTCCAGCCGGACACGTAATGACTA	RNF1	AACACCTCAG	GTAATGACTA	FALSE
RNF1_codon_optimized_his6_38	CACCATCATCACCACCAT	AACACCTCAGATGGTGGTGATGATGGTGGTAATGACTA	RNF1	AACACCTCAG	GTAATGACTA	FALSE
RNF1_codon_optimized_mNeongreen_3746	ACAGAGCTGAACTTCAAGGAATGGCAGAAAGCCTTTACCGACATGATG	AACACCTCAGCATCATGTCGGTAAAGGCTTTCTGCCATTCCTTGAAGTTCAGCTCTGTGTAATGACTA	RNF1	AACACCTCAG	GTAATGACTA	FALSE
RNF1_codon_optimized_mNeongreen_linker_59941	GGCAGCTCCGGAACAGAGCTGAACTTCAAGGAATGGCAGAAAGCCTTTACCGACATGATG	AACACCTCAGCATCATGTCGGTAAAGGCTTTCTGCCATTCCTTGAAGTTCAGCTCTGTTCCGGAGCTGCCGTAATGACTA	RNF1	AACACCTCAG	GTAATGACTA	FALSE
RNF1_codon_optimized_superdegron_833112	TTCCAATGCAACCAGTGTGGAGCCAGCTTCACCCAGAAAGGCAATCTGCTCAGACACATCAAGCTGCAC	AACACCTCAGGTGCAGCTTGATGTGTCTGAGCAGATTGCCTTTCTGGGTGAAGCTGGCTCCACACTGGTTGCATTGGAAGTAATGACTA	RNF1	AACACCTCAG	GTAATGACTA	FALSE
TP53_codon_optimized_linker_284090	GGGAGCTCTGGAGGCTCCTCAGGT	GCGGCTCCTCACCTGAGGAGCCTCCAGAGCTCCCCATGGCAGTG	TP53	GCGGCTCCTC	CATGGCAGTG	FALSE
TP53_codon_optimized_hibit_326	GTGTCCGGCTGGAGACTGTTCAAGAAAATCAGC	GCGGCTCCTCGCTGATTTTCTTGAACAGTCTCCAGCCGGACACCATGGCAGTG	TP53	GCGGCTCCTC	CATGGCAGTG	FALSE
TP53_codon_optimized_his6_38	CACCATCATCACCACCAT	GCGGCTCCTCATGGTGGTGATGATGGTGCATGGCAGTG	TP53	GCGGCTCCTC	CATGGCAGTG	FALSE
TP53_codon_optimized_mNeongreen_3746	ACAGAGCTGAACTTCAAGGAATGGCAGAAAGCCTTTACCGACATGATG	GCGGCTCCTCCATCATGTCGGTAAAGGCTTTCTGCCATTCCTTGAAGTTCAGCTCTGTCATGGCAGTG	TP53	GCGGCTCCTC	CATGGCAGTG	FALSE
TP53_codon_optimized_mNeongreen_linker_59941	GGCAGCTCCGGAACAGAGCTGAACTTCAAGGAATGGCAGAAAGCCTTTACCGACATGATG	GCGGCTCCTCCATCATGTCGGTAAAGGCTTTCTGCCATTCCTTGAAGTTCAGCTCTGTTCCGGAGCTGCCCATGGCAGTG	TP53	GCGGCTCCTC	CATGGCAGTG	FALSE
TP53_codon_optimized_superdegron_833112	TTCCAATGCAACCAGTGTGGAGCCAGCTTCACCCAGAAAGGCAATCTGCTCAGACACATCAAGCTGCAC	GCGGCTCCTCGTGCAGCTTGATGTGTCTGAGCAGATTGCCTTTCTGGGTGAAGCTGGCTCCACACTGGTTGCATTGGAACATGGCAGTG	TP53	GCGGCTCCTC	CATGGCAGTG	FALSE
TP53_rc_codon_optimized_linker_284090	ACCTGAGGAGCCTCCAGAGCTCCC	CACTGCCATGGGGAGCTCTGGAGGCTCCTCAGGTGAGGAGCCGC	TP53_rc	CACTGCCATG	GAGGAGCCGC	TRUE
TP53_rc_codon_optimized_hibit_326	GCTGATTTTCTTGAACAGTCTCCAGCCGGACAC	CACTGCCATGGTGTCCGGCTGGAGACTGTTCAAGAAAATCAGCGAGGAGCCGC	TP53_rc	CACTGCCATG	GAGGAGCCGC	TRUE
TP53_rc_codon_optimized_his6_38	ATGGTGGTGATGATGGTG	CACTGCCATGCACCATCATCACCACCATGAGGAGCCGC	TP53_rc	CACTGCCATG	GAGGAGCCGC	TRUE
TP53_rc_codon_optimized_mNeongreen_3746	CATCATGTCGGTAAAGGCTTTCTGCCATTCCTTGAAGTTCAGCTCTGT	CACTGCCATGACAGAGCTGAACTTCAAGGAATGGCAGAAAGCCTTTACCGACATGATGGAGGAGCCGC	TP53_rc	CACTGCCATG	GAGGAGCCGC	TRUE
TP53_rc_codon_optimized_mNeongreen_linker_59941	CATCATGTCGGTAAAGGCTTTCTGCCATTCCTTGAAGTTCAGCTCTGTTCCGGAGCTGCC	CACTGCCATGGGCAGCTCCGGAACAGAGCTGAACTTCAAGGAATGGCAGAAAGCCTTTACCGACATGATGGAGGAGCCGC	TP53_rc	CACTGCCATG	GAGGAGCCGC	TRUE
TP53_rc_codon_optimized_superdegron_833112	GTGCAGCTTGATGTGTCTGAGCAGATTGCCTTTCTGGGTGAAGCTGGCTCCACACTGGTTGCATTGGAA	CACTGCCATGTTCCAATGCAACCAGTGTGGAGCCAGCTTCACCCAGAAAGGCAATCTGCTCAGACACATCAAGCTGCACGAGGAGCCGC	TP53_rc	CACTGCCATG	GAGGAGCCGC	TRUE
