length	RTT	target	length_insertRTT	mean	std
1	CTAAGGACCTGTGTCTCCAGTAGGAGAGTCTGGG	CLYBL	35	65.0478142183991	0.34701919503116097
2	CTAAGGACCTGTGTCTCCAGTAGGAGAGTCTGGG	CLYBL	36	65.5502806363404	0.7823993477725973
3	CTAAGGACCTGTGTCTCCAGTAGGAGAGTCTGGG	CLYBL	37	66.0249889895648	1.0038511753761759
4	CTAAGGACCTGTGTCTCCAGTAGGAGAGTCTGGG	CLYBL	38	66.47457488518347	1.1662338430779908
5	CTAAGGACCTGTGTCTCCAGTAGGAGAGTCTGGG	CLYBL	39	66.90098154618806	1.2939828305955359
6	CTAAGGACCTGTGTCTCCAGTAGGAGAGTCTGGG	CLYBL	40	67.30595632678262	1.3982092709605252
7	CTAAGGACCTGTGTCTCCAGTAGGAGAGTCTGGG	CLYBL	41	67.69107526980673	1.4851638989127813
8	CTAAGGACCTGTGTCTCCAGTAGGAGAGTCTGGG	CLYBL	42	68.05776359815033	1.5588076696273905
9	CTAAGGACCTGTGTCTCCAGTAGGAGAGTCTGGG	CLYBL	43	68.40731333270415	1.6218499581546306
10	CTAAGGACCTGTGTCTCCAGTAGGAGAGTCTGGG	CLYBL	44	68.80145790387635	1.6829964202070122
11	CTAAGGACCTGTGTCTCCAGTAGGAGAGTCTGGG	CLYBL	45	69.07676910043706	1.657138358444722
12	CTAAGGACCTGTGTCTCCAGTAGGAGAGTCTGGG	CLYBL	46	69.31851017789599	1.7559346539147351
13	CTAAGGACCTGTGTCTCCAGTAGGAGAGTCTGGG	CLYBL	47	69.59603820780669	1.7515013373984358
14	CTAAGGACCTGTGTCTCCAGTAGGAGAGTCTGGG	CLYBL	48	69.9109512653554	1.8328708568492271
15	CTAAGGACCTGTGTCTCCAGTAGGAGAGTCTGGG	CLYBL	49	70.30572736708845	1.8638567731381153
16	CTAAGGACCTGTGTCTCCAGTAGGAGAGTCTGGG	CLYBL	50	70.43904948739274	1.9296197906808301
17	CTAAGGACCTGTGTCTCCAGTAGGAGAGTCTGGG	CLYBL	51	70.68837262356061	1.9263236830394155
18	CTAAGGACCTGTGTCTCCAGTAGGAGAGTCTGGG	CLYBL	52	70.88831770802949	1.9176672513750452
19	CTAAGGACCTGTGTCTCCAGTAGGAGAGTCTGGG	CLYBL	53	71.10895008328383	2.0155255470983815
20	CTAAGGACCTGTGTCTCCAGTAGGAGAGTCTGGG	CLYBL	54	71.54643014821544	1.98818303237067
21	CTAAGGACCTGTGTCTCCAGTAGGAGAGTCTGGG	CLYBL	55	71.5702364843548	1.9739656300530668
22	CTAAGGACCTGTGTCTCCAGTAGGAGAGTCTGGG	CLYBL	56	71.74142020461683	1.9810656760160852
23	CTAAGGACCTGTGTCTCCAGTAGGAGAGTCTGGG	CLYBL	57	72.02288778892418	1.9776964846701057
24	CTAAGGACCTGTGTCTCCAGTAGGAGAGTCTGGG	CLYBL	58	72.3016404147389	1.9274665982420205
25	CTAAGGACCTGTGTCTCCAGTAGGAGAGTCTGGG	CLYBL	59	72.34839079381953	1.9883782788168893
26	CTAAGGACCTGTGTCTCCAGTAGGAGAGTCTGGG	CLYBL	60	72.60067237543196	2.0472875084626674
27	CTAAGGACCTGTGTCTCCAGTAGGAGAGTCTGGG	CLYBL	61	72.70688601947593	2.035666230506145
28	CTAAGGACCTGTGTCTCCAGTAGGAGAGTCTGGG	CLYBL	62	72.92525742449536	2.0348685940101463
29	CTAAGGACCTGTGTCTCCAGTAGGAGAGTCTGGG	CLYBL	63	72.98593187199886	1.936885171114704
30	CTAAGGACCTGTGTCTCCAGTAGGAGAGTCTGGG	CLYBL	64	73.1992172178886	2.0389281630983844
31	CTAAGGACCTGTGTCTCCAGTAGGAGAGTCTGGG	CLYBL	65	73.32906751699393	2.0424248847766626
32	CTAAGGACCTGTGTCTCCAGTAGGAGAGTCTGGG	CLYBL	66	73.49131486963961	2.0632447586365763
33	CTAAGGACCTGTGTCTCCAGTAGGAGAGTCTGGG	CLYBL	67	73.64134061170829	2.0406500960711083
34	CTAAGGACCTGTGTCTCCAGTAGGAGAGTCTGGG	CLYBL	68	73.75815840164147	2.0589914246522674
35	CTAAGGACCTGTGTCTCCAGTAGGAGAGTCTGGG	CLYBL	69	73.99264245316157	2.0096135869649134
36	CTAAGGACCTGTGTCTCCAGTAGGAGAGTCTGGG	CLYBL	70	74.0026623273791	2.0270558017318994
37	CTAAGGACCTGTGTCTCCAGTAGGAGAGTCTGGG	CLYBL	71	74.16414069535494	2.0297984708939794
38	CTAAGGACCTGTGTCTCCAGTAGGAGAGTCTGGG	CLYBL	72	74.27669336489599	2.0143599495069036
39	CTAAGGACCTGTGTCTCCAGTAGGAGAGTCTGGG	CLYBL	73	74.4320097903832	1.9387235939450658
40	CTAAGGACCTGTGTCTCCAGTAGGAGAGTCTGGG	CLYBL	74	74.50813337788516	2.0790031681188066
41	CTAAGGACCTGTGTCTCCAGTAGGAGAGTCTGGG	CLYBL	75	74.68787609656236	1.9683359322002034
42	CTAAGGACCTGTGTCTCCAGTAGGAGAGTCTGGG	CLYBL	76	74.80982279130045	1.9741853035723358
43	CTAAGGACCTGTGTCTCCAGTAGGAGAGTCTGGG	CLYBL	77	74.94928110339343	2.076533255401657
44	CTAAGGACCTGTGTCTCCAGTAGGAGAGTCTGGG	CLYBL	78	74.9678725971923	2.0265360342264422
45	CTAAGGACCTGTGTCTCCAGTAGGAGAGTCTGGG	CLYBL	79	75.11460814266486	1.9430040153840502
46	CTAAGGACCTGTGTCTCCAGTAGGAGAGTCTGGG	CLYBL	80	75.06016480970473	1.9773622055269136
47	CTAAGGACCTGTGTCTCCAGTAGGAGAGTCTGGG	CLYBL	81	75.30460299929639	1.9982949528512566
48	CTAAGGACCTGTGTCTCCAGTAGGAGAGTCTGGG	CLYBL	82	75.48953846350913	1.9926036544118844
49	CTAAGGACCTGTGTCTCCAGTAGGAGAGTCTGGG	CLYBL	83	75.36995147679225	2.0510856443343664
50	CTAAGGACCTGTGTCTCCAGTAGGAGAGTCTGGG	CLYBL	84	75.6639431319407	1.958709791092684
51	CTAAGGACCTGTGTCTCCAGTAGGAGAGTCTGGG	CLYBL	85	75.62985289333601	2.049017211917394
52	CTAAGGACCTGTGTCTCCAGTAGGAGAGTCTGGG	CLYBL	86	75.71788074987468	2.068527147364009
53	CTAAGGACCTGTGTCTCCAGTAGGAGAGTCTGGG	CLYBL	87	75.85124546234775	1.9643291171286186
54	CTAAGGACCTGTGTCTCCAGTAGGAGAGTCTGGG	CLYBL	88	75.75836392049243	1.9016439366381512
55	CTAAGGACCTGTGTCTCCAGTAGGAGAGTCTGGG	CLYBL	89	75.99128168039056	2.053949393664141
56	CTAAGGACCTGTGTCTCCAGTAGGAGAGTCTGGG	CLYBL	90	76.03410609142675	1.959608609433389
57	CTAAGGACCTGTGTCTCCAGTAGGAGAGTCTGGG	CLYBL	91	76.07347489359803	1.9596658351333394
58	CTAAGGACCTGTGTCTCCAGTAGGAGAGTCTGGG	CLYBL	92	76.15954694041112	1.962088853572187
59	CTAAGGACCTGTGTCTCCAGTAGGAGAGTCTGGG	CLYBL	93	76.16774141551959	1.9954642642697322
60	CTAAGGACCTGTGTCTCCAGTAGGAGAGTCTGGG	CLYBL	94	76.23055098733742	1.9389133627937858
61	CTAAGGACCTGTGTCTCCAGTAGGAGAGTCTGGG	CLYBL	95	76.38926346539846	1.870382212018322
62	CTAAGGACCTGTGTCTCCAGTAGGAGAGTCTGGG	CLYBL	96	76.43375284379363	2.0045206691860344
63	CTAAGGACCTGTGTCTCCAGTAGGAGAGTCTGGG	CLYBL	97	76.47427043499657	1.854926768457833
64	CTAAGGACCTGTGTCTCCAGTAGGAGAGTCTGGG	CLYBL	98	76.63765046694337	1.9080894488332214
65	CTAAGGACCTGTGTCTCCAGTAGGAGAGTCTGGG	CLYBL	99	76.76530661627983	1.86265175456125
66	CTAAGGACCTGTGTCTCCAGTAGGAGAGTCTGGG	CLYBL	100	76.79269278950433	2.008874887973032
67	CTAAGGACCTGTGTCTCCAGTAGGAGAGTCTGGG	CLYBL	101	76.80304987161036	1.8607981389355264
68	CTAAGGACCTGTGTCTCCAGTAGGAGAGTCTGGG	CLYBL	102	76.93977032108332	1.8930502194536087
69	CTAAGGACCTGTGTCTCCAGTAGGAGAGTCTGGG	CLYBL	103	76.92679354159229	1.884752222793602
1	GAAGGGCTCCCATCACATCAACCGGTGGCGCATT	EMX1	35	70.21000111531558	0.2502374474485452
2	GAAGGGCTCCCATCACATCAACCGGTGGCGCATT	EMX1	36	70.5617512329478	0.7133578753107376
3	GAAGGGCTCCCATCACATCAACCGGTGGCGCATT	EMX1	37	70.89492672627027	0.9442035933741856
4	GAAGGGCTCCCATCACATCAACCGGTGGCGCATT	EMX1	38	71.21074064446648	1.1106221620636858
5	GAAGGGCTCCCATCACATCAACCGGTGGCGCATT	EMX1	39	71.51051438260903	1.2407267316298285
6	GAAGGGCTCCCATCACATCAACCGGTGGCGCATT	EMX1	40	71.79543958462978	1.3466095713902433
7	GAAGGGCTCCCATCACATCAACCGGTGGCGCATT	EMX1	41	72.06659272206326	1.4348828825898845
8	GAAGGGCTCCCATCACATCAACCGGTGGCGCATT	EMX1	42	72.32494867567156	1.509665663578844
9	GAAGGGCTCCCATCACATCAACCGGTGGCGCATT	EMX1	43	72.57139244267327	1.5737437829221121
10	GAAGGGCTCCCATCACATCAACCGGTGGCGCATT	EMX1	44	72.85741436782422	1.636346746703925
11	GAAGGGCTCCCATCACATCAACCGGTGGCGCATT	EMX1	45	73.04112081505252	1.6075910347405
12	GAAGGGCTCCCATCACATCAACCGGTGGCGCATT	EMX1	46	73.20207565860183	1.714324393283531
13	GAAGGGCTCCCATCACATCAACCGGTGGCGCATT	EMX1	47	73.3969790999879	1.7031323898597643
14	GAAGGGCTCCCATCACATCAACCGGTGGCGCATT	EMX1	48	73.62178545113915	1.7924510112585643
15	GAAGGGCTCCCATCACATCAACCGGTGGCGCATT	EMX1	49	73.93525993519684	1.824603336589681
16	GAAGGGCTCCCATCACATCAACCGGTGGCGCATT	EMX1	50	74.00125059501767	1.8883893201743924
17	GAAGGGCTCCCATCACATCAACCGGTGGCGCATT	EMX1	51	74.18002861824458	1.8787106361885293
18	GAAGGGCTCCCATCACATCAACCGGTGGCGCATT	EMX1	52	74.31060147498866	1.8755433879287193
19	GAAGGGCTCCCATCACATCAACCGGTGGCGCATT	EMX1	53	74.46280702240662	1.97729096060185
20	GAAGGGCTCCCATCACATCAACCGGTGGCGCATT	EMX1	54	74.83452110469658	1.9506804752139137
21	GAAGGGCTCCCATCACATCAACCGGTGGCGCATT	EMX1	55	74.79886013697184	1.9365852788778388
22	GAAGGGCTCCCATCACATCAACCGGTGGCGCATT	EMX1	56	74.91276105233702	1.9367803592262285
23	GAAGGGCTCCCATCACATCAACCGGTGGCGCATT	EMX1	57	75.13148329543895	1.941160630182467
24	GAAGGGCTCCCATCACATCAACCGGTGGCGCATT	EMX1	58	75.35835544711199	1.8995249124468037
25	GAAGGGCTCCCATCACATCAACCGGTGGCGCATT	EMX1	59	75.35663200696374	1.9476772691760158
26	GAAGGGCTCCCATCACATCAACCGGTGGCGCATT	EMX1	60	75.54676538412231	2.0074525811058535
27	GAAGGGCTCCCATCACATCAACCGGTGGCGCATT	EMX1	61	75.60891113776533	2.0001015681157255
28	GAAGGGCTCCCATCACATCAACCGGTGGCGCATT	EMX1	62	75.77705972737866	2.001776930194678
29	GAAGGGCTCCCATCACATCAACCGGTGGCGCATT	EMX1	63	75.79210247609244	1.9033110852169879
30	GAAGGGCTCCCATCACATCAACCGGTGGCGCATT	EMX1	64	75.95941717565097	2.0053885985855953
31	GAAGGGCTCCCATCACATCAACCGGTGGCGCATT	EMX1	65	76.04686661975371	2.0084324671307074
32	GAAGGGCTCCCATCACATCAACCGGTGGCGCATT	EMX1	66	76.16630777946978	2.0266019301719993
33	GAAGGGCTCCCATCACATCAACCGGTGGCGCATT	EMX1	67	76.27941393182103	2.0116158599911818
34	GAAGGGCTCCCATCACATCAACCGGTGGCGCATT	EMX1	68	76.35637209867123	2.02572058714482
35	GAAGGGCTCCCATCACATCAACCGGTGGCGCATT	EMX1	69	76.54538801177851	1.980172464257324
36	GAAGGGCTCCCATCACATCAACCGGTGGCGCATT	EMX1	70	76.52318778130353	1.9964811323886136
37	GAAGGGCTCCCATCACATCAACCGGTGGCGCATT	EMX1	71	76.64806228164548	2.002303293852413
38	GAAGGGCTCCCATCACATCAACCGGTGGCGCATT	EMX1	72	76.72839838762985	1.9873822578100917
39	GAAGGGCTCCCATCACATCAACCGGTGGCGCATT	EMX1	73	76.84336437480378	1.912005131784146
40	GAAGGGCTCCCATCACATCAACCGGTGGCGCATT	EMX1	74	76.88642728357071	2.049880489698161
41	GAAGGGCTCCCATCACATCAACCGGTGGCGCATT	EMX1	75	77.03569259736888	1.9435553522330875
42	GAAGGGCTCCCATCACATCAACCGGTGGCGCATT	EMX1	76	77.12561092689397	1.9474444895472411
43	GAAGGGCTCCCATCACATCAACCGGTGGCGCATT	EMX1	77	77.23264845721033	2.0515012884547983
44	GAAGGGCTCCCATCACATCAACCGGTGGCGCATT	EMX1	78	77.22525287143876	2.0032419255616256
45	GAAGGGCTCCCATCACATCAACCGGTGGCGCATT	EMX1	79	77.33882552955087	1.9184190559500303
46	GAAGGGCTCCCATCACATCAACCGGTGGCGCATT	EMX1	80	77.25753090347818	1.9562688163905235
47	GAAGGGCTCCCATCACATCAACCGGTGGCGCATT	EMX1	81	77.4774296365131	1.970273066685861
48	GAAGGGCTCCCATCACATCAACCGGTGGCGCATT	EMX1	82	77.63012365839366	1.9720320742237651
49	GAAGGGCTCCCATCACATCAACCGGTGGCGCATT	EMX1	83	77.488232094122	2.0275478024496194
50	GAAGGGCTCCCATCACATCAACCGGTGGCGCATT	EMX1	84	77.7496408828162	1.9357609996789515
51	GAAGGGCTCCCATCACATCAACCGGTGGCGCATT	EMX1	85	77.69635767377319	2.027522038613361
52	GAAGGGCTCCCATCACATCAACCGGTGGCGCATT	EMX1	86	77.75750192208137	2.0434758570521736
53	GAAGGGCTCCCATCACATCAACCGGTGGCGCATT	EMX1	87	77.8663640583752	1.944839591394145
54	GAAGGGCTCCCATCACATCAACCGGTGGCGCATT	EMX1	88	77.754423111408	1.878258393970964
55	GAAGGGCTCCCATCACATCAACCGGTGGCGCATT	EMX1	89	77.963078828615	2.0318828510681004
56	GAAGGGCTCCCATCACATCAACCGGTGGCGCATT	EMX1	90	77.98341347138518	1.935355691530365
57	GAAGGGCTCCCATCACATCAACCGGTGGCGCATT	EMX1	91	78.0023220088499	1.939587766232817
58	GAAGGGCTCCCATCACATCAACCGGTGGCGCATT	EMX1	92	78.06458385538697	1.9396894664786155
59	GAAGGGCTCCCATCACATCAACCGGTGGCGCATT	EMX1	93	78.0579262007417	1.973257658935795
60	GAAGGGCTCCCATCACATCAACCGGTGGCGCATT	EMX1	94	78.09213437985188	1.9153489551080294
61	GAAGGGCTCCCATCACATCAACCGGTGGCGCATT	EMX1	95	78.23741202723234	1.8500834835092914
62	GAAGGGCTCCCATCACATCAACCGGTGGCGCATT	EMX1	96	78.25976903100465	1.9862708437470822
63	GAAGGGCTCCCATCACATCAACCGGTGGCGCATT	EMX1	97	78.28082014818128	1.8374903327142
64	GAAGGGCTCCCATCACATCAACCGGTGGCGCATT	EMX1	98	78.42133622404899	1.8888367401090094
65	GAAGGGCTCCCATCACATCAACCGGTGGCGCATT	EMX1	99	78.53216548933796	1.8416393833191922
66	GAAGGGCTCCCATCACATCAACCGGTGGCGCATT	EMX1	100	78.54242316745888	1.9873246237226971
67	GAAGGGCTCCCATCACATCAACCGGTGGCGCATT	EMX1	101	78.53465453586601	1.843160544953882
68	GAAGGGCTCCCATCACATCAACCGGTGGCGCATT	EMX1	102	78.65310763209352	1.8729968772941685
69	GAAGGGCTCCCATCACATCAACCGGTGGCGCATT	EMX1	103	78.62728629884501	1.8688656181649514
1	ACCTGGATCGCTTTTCCGAGCTTCTGGCGGTCTC	FANCF	35	68.56915507803687	0.2992079039254784
2	ACCTGGATCGCTTTTCCGAGCTTCTGGCGGTCTC	FANCF	36	68.96055004421694	0.7118926134852334
3	ACCTGGATCGCTTTTCCGAGCTTCTGGCGGTCTC	FANCF	37	69.33127915377983	0.9383237678950168
4	ACCTGGATCGCTTTTCCGAGCTTCTGGCGGTCTC	FANCF	38	69.68295335284327	1.1021346882557563
5	ACCTGGATCGCTTTTCCGAGCTTCTGGCGGTCTC	FANCF	39	70.01700484065361	1.230491462683249
6	ACCTGGATCGCTTTTCCGAGCTTCTGGCGGTCTC	FANCF	40	70.33472574828363	1.3351300760477833
7	ACCTGGATCGCTTTTCCGAGCTTCTGGCGGTCTC	FANCF	41	70.637284909148	1.4224924400950274
8	ACCTGGATCGCTTTTCCGAGCTTCTGGCGGTCTC	FANCF	42	70.9257422224765	1.4966007118141207
9	ACCTGGATCGCTTTTCCGAGCTTCTGGCGGTCTC	FANCF	43	71.20106105401793	1.5601795820834572
10	ACCTGGATCGCTTTTCCGAGCTTCTGGCGGTCTC	FANCF	44	71.52045007662099	1.613007518885169
11	ACCTGGATCGCTTTTCCGAGCTTCTGGCGGTCTC	FANCF	45	71.7198329661383	1.5886706497800331
12	ACCTGGATCGCTTTTCCGAGCTTCTGGCGGTCTC	FANCF	46	71.91228202683126	1.700693820160129
13	ACCTGGATCGCTTTTCCGAGCTTCTGGCGGTCTC	FANCF	47	72.13333120223821	1.6966036376449058
14	ACCTGGATCGCTTTTCCGAGCTTCTGGCGGTCTC	FANCF	48	72.38234119828701	1.77825805317404
15	ACCTGGATCGCTTTTCCGAGCTTCTGGCGGTCTC	FANCF	49	72.72056574176884	1.804094214430529
16	ACCTGGATCGCTTTTCCGAGCTTCTGGCGGTCTC	FANCF	50	72.80450727807235	1.8717723773103534
17	ACCTGGATCGCTTTTCCGAGCTTCTGGCGGTCTC	FANCF	51	73.00143670381301	1.8680764248776374
18	ACCTGGATCGCTTTTCCGAGCTTCTGGCGGTCTC	FANCF	52	73.1569185791096	1.8608636868773079
19	ACCTGGATCGCTTTTCCGAGCTTCTGGCGGTCTC	FANCF	53	73.32913343093081	1.964323682542082
20	ACCTGGATCGCTTTTCCGAGCTTCTGGCGGTCTC	FANCF	54	73.7174476835753	1.9363850724410114
21	ACCTGGATCGCTTTTCCGAGCTTCTGGCGGTCTC	FANCF	55	73.69677543188416	1.9203494953170213
22	ACCTGGATCGCTTTTCCGAGCTTCTGGCGGTCTC	FANCF	56	73.83080850607658	1.9305707346750876
23	ACCTGGATCGCTTTTCCGAGCTTCTGGCGGTCTC	FANCF	57	74.06260728442065	1.9280612370105763
24	ACCTGGATCGCTTTTCCGAGCTTCTGGCGGTCTC	FANCF	58	74.31401436082585	1.8839447910531384
25	ACCTGGATCGCTTTTCCGAGCTTCTGGCGGTCTC	FANCF	59	74.3239305272119	1.9387283302949825
26	ACCTGGATCGCTTTTCCGAGCTTCTGGCGGTCTC	FANCF	60	74.53651571719398	1.9959368245330626
27	ACCTGGATCGCTTTTCCGAGCTTCTGGCGGTCTC	FANCF	61	74.61896451752337	1.9829848116991802
28	ACCTGGATCGCTTTTCCGAGCTTCTGGCGGTCTC	FANCF	62	74.79475907572917	1.9895241608609733
29	ACCTGGATCGCTTTTCCGAGCTTCTGGCGGTCTC	FANCF	63	74.8227564482108	1.8940793048669204
30	ACCTGGATCGCTTTTCCGAGCTTCTGGCGGTCTC	FANCF	64	75.00909626517922	1.9931913706253779
31	ACCTGGATCGCTTTTCCGAGCTTCTGGCGGTCTC	FANCF	65	75.10769304510195	2.000011568110188
32	ACCTGGATCGCTTTTCCGAGCTTCTGGCGGTCTC	FANCF	66	75.24377233453085	2.0173975393675727
33	ACCTGGATCGCTTTTCCGAGCTTCTGGCGGTCTC	FANCF	67	75.36050387663937	1.9982859945707776
34	ACCTGGATCGCTTTTCCGAGCTTCTGGCGGTCTC	FANCF	68	75.44920438543477	2.012883882119403
35	ACCTGGATCGCTTTTCCGAGCTTCTGGCGGTCTC	FANCF	69	75.6582469560706	1.9708823346030235
36	ACCTGGATCGCTTTTCCGAGCTTCTGGCGGTCTC	FANCF	70	75.64802859075495	1.9836665908180826
37	ACCTGGATCGCTTTTCCGAGCTTCTGGCGGTCTC	FANCF	71	75.78219766399928	1.9873715888435282
38	ACCTGGATCGCTTTTCCGAGCTTCTGGCGGTCTC	FANCF	72	75.86794923692389	1.9766877546183967
39	ACCTGGATCGCTTTTCCGAGCTTCTGGCGGTCTC	FANCF	73	75.99628324510134	1.9003618149947663
40	ACCTGGATCGCTTTTCCGAGCTTCTGGCGGTCTC	FANCF	74	76.05168632608968	2.041716619571938
41	ACCTGGATCGCTTTTCCGAGCTTCTGGCGGTCTC	FANCF	75	76.20879228182582	1.940413089941053
42	ACCTGGATCGCTTTTCCGAGCTTCTGGCGGTCTC	FANCF	76	76.3114660129328	1.9435071186519939
43	ACCTGGATCGCTTTTCCGAGCTTCTGGCGGTCTC	FANCF	77	76.4285232118647	2.041490129385053
44	ACCTGGATCGCTTTTCCGAGCTTCTGGCGGTCTC	FANCF	78	76.43085004097878	1.9896571944628825
45	ACCTGGATCGCTTTTCCGAGCTTCTGGCGGTCTC	FANCF	79	76.55148711173938	1.913592044116421
46	ACCTGGATCGCTTTTCCGAGCTTCTGGCGGTCTC	FANCF	80	76.48507146812582	1.9471697503176613
47	ACCTGGATCGCTTTTCCGAGCTTCTGGCGGTCTC	FANCF	81	76.70298408192792	1.960388700389883
48	ACCTGGATCGCTTTTCCGAGCTTCTGGCGGTCTC	FANCF	82	76.8729342447093	1.953690098628533
49	ACCTGGATCGCTTTTCCGAGCTTCTGGCGGTCTC	FANCF	83	76.74097421040537	2.022295698664867
50	ACCTGGATCGCTTTTCCGAGCTTCTGGCGGTCTC	FANCF	84	77.01404563423478	1.9254524236985495
51	ACCTGGATCGCTTTTCCGAGCTTCTGGCGGTCTC	FANCF	85	76.96556541511404	2.020681764360135
52	ACCTGGATCGCTTTTCCGAGCTTCTGGCGGTCTC	FANCF	86	77.03611994529052	2.0328405374232434
53	ACCTGGATCGCTTTTCCGAGCTTCTGGCGGTCTC	FANCF	87	77.15031292861744	1.9329990701419748
54	ACCTGGATCGCTTTTCCGAGCTTCTGGCGGTCTC	FANCF	88	77.04246517530873	1.8717863437956836
55	ACCTGGATCGCTTTTCCGAGCTTCTGGCGGTCTC	FANCF	89	77.260077839801	2.022494645042487
56	ACCTGGATCGCTTTTCCGAGCTTCTGGCGGTCTC	FANCF	90	77.28832177380814	1.9315959513122356
57	ACCTGGATCGCTTTTCCGAGCTTCTGGCGGTCTC	FANCF	91	77.31366582115699	1.9293471707447634
58	ACCTGGATCGCTTTTCCGAGCTTCTGGCGGTCTC	FANCF	92	77.38734466274708	1.9294960742289406
59	ACCTGGATCGCTTTTCCGAGCTTCTGGCGGTCTC	FANCF	93	77.38721689004105	1.9609518150895813
60	ACCTGGATCGCTTTTCCGAGCTTCTGGCGGTCTC	FANCF	94	77.43039111611131	1.914002629798273
61	ACCTGGATCGCTTTTCCGAGCTTCTGGCGGTCTC	FANCF	95	77.57457645379839	1.841910701555225
62	ACCTGGATCGCTTTTCCGAGCTTCTGGCGGTCTC	FANCF	96	77.60501824375072	1.9783153617754436
63	ACCTGGATCGCTTTTCCGAGCTTCTGGCGGTCTC	FANCF	97	77.64017137436267	1.8302702098703392
64	ACCTGGATCGCTTTTCCGAGCTTCTGGCGGTCTC	FANCF	98	77.78397528157798	1.8848921752524808
65	ACCTGGATCGCTTTTCCGAGCTTCTGGCGGTCTC	FANCF	99	77.90127268657332	1.8321858225919931
66	ACCTGGATCGCTTTTCCGAGCTTCTGGCGGTCTC	FANCF	100	77.91567134441712	1.9789543081069072
67	ACCTGGATCGCTTTTCCGAGCTTCTGGCGGTCTC	FANCF	101	77.91425093504847	1.8366795616789413
68	ACCTGGATCGCTTTTCCGAGCTTCTGGCGGTCTC	FANCF	102	78.03844758103092	1.8695210264586049
69	ACCTGGATCGCTTTTCCGAGCTTCTGGCGGTCTC	FANCF	103	78.01843386217149	1.8626540454910792
1	TGATGGCAGAGGAAAGGAAGCCCTGCTTCCTCCA	HEK3	35	67.91154433313805	0.17429851494190332
2	TGATGGCAGAGGAAAGGAAGCCCTGCTTCCTCCA	HEK3	36	68.3339235259563	0.644329877185686
3	TGATGGCAGAGGAAAGGAAGCCCTGCTTCCTCCA	HEK3	37	68.7335449187074	0.9052679605773375
4	TGATGGCAGAGGAAAGGAAGCCCTGCTTCCTCCA	HEK3	38	69.11198779331531	1.0863546528884729
5	TGATGGCAGAGGAAAGGAAGCCCTGCTTCCTCCA	HEK3	39	69.47089249947449	1.2256505922380032
6	TGATGGCAGAGGAAAGGAAGCCCTGCTTCCTCCA	HEK3	40	69.81173388424688	1.337949520264037
7	TGATGGCAGAGGAAAGGAAGCCCTGCTTCCTCCA	HEK3	41	70.13584201153824	1.430974372626244
8	TGATGGCAGAGGAAAGGAAGCCCTGCTTCCTCCA	HEK3	42	70.44441950219385	1.5094070206272954
9	TGATGGCAGAGGAAAGGAAGCCCTGCTTCCTCCA	HEK3	43	70.73855643969317	1.576357694164299
10	TGATGGCAGAGGAAAGGAAGCCCTGCTTCCTCCA	HEK3	44	71.06825896083916	1.6413682702927637
11	TGATGGCAGAGGAAAGGAAGCCCTGCTTCCTCCA	HEK3	45	71.29795907938046	1.6186591659627019
12	TGATGGCAGAGGAAAGGAAGCCCTGCTTCCTCCA	HEK3	46	71.49773158248568	1.7238973109769524
13	TGATGGCAGAGGAAAGGAAGCCCTGCTTCCTCCA	HEK3	47	71.73044339723498	1.707930374053723
14	TGATGGCAGAGGAAAGGAAGCCCTGCTTCCTCCA	HEK3	48	71.99973726213238	1.8037131650717233
15	TGATGGCAGAGGAAAGGAAGCCCTGCTTCCTCCA	HEK3	49	72.34780283845048	1.8346890991918072
16	TGATGGCAGAGGAAAGGAAGCCCTGCTTCCTCCA	HEK3	50	72.44740572867833	1.90037176226364
17	TGATGGCAGAGGAAAGGAAGCCCTGCTTCCTCCA	HEK3	51	72.65356419389354	1.8935045250787998
18	TGATGGCAGAGGAAAGGAAGCCCTGCTTCCTCCA	HEK3	52	72.82139297767225	1.8939910350108629
19	TGATGGCAGAGGAAAGGAAGCCCTGCTTCCTCCA	HEK3	53	72.99989852965196	1.9895816656513303
20	TGATGGCAGAGGAAAGGAAGCCCTGCTTCCTCCA	HEK3	54	73.4023426602136	1.96258001028739
21	TGATGGCAGAGGAAAGGAAGCCCTGCTTCCTCCA	HEK3	55	73.38991821815347	1.950830054174466
22	TGATGGCAGAGGAAAGGAAGCCCTGCTTCCTCCA	HEK3	56	73.53472016643308	1.95078542800839
23	TGATGGCAGAGGAAAGGAAGCCCTGCTTCCTCCA	HEK3	57	73.77966087555747	1.9538441754228624
24	TGATGGCAGAGGAAAGGAAGCCCTGCTTCCTCCA	HEK3	58	74.03002011901644	1.9104289806029338
25	TGATGGCAGAGGAAAGGAAGCCCTGCTTCCTCCA	HEK3	59	74.05362335696454	1.9611061065986308
26	TGATGGCAGAGGAAAGGAAGCCCTGCTTCCTCCA	HEK3	60	74.26564539511841	2.022379139945018
27	TGATGGCAGAGGAAAGGAAGCCCTGCTTCCTCCA	HEK3	61	74.35066319460935	2.0149308345624437
28	TGATGGCAGAGGAAAGGAAGCCCTGCTTCCTCCA	HEK3	62	74.54422649795673	2.016088604500383
29	TGATGGCAGAGGAAAGGAAGCCCTGCTTCCTCCA	HEK3	63	74.57720257645741	1.9165266005490964
30	TGATGGCAGAGGAAAGGAAGCCCTGCTTCCTCCA	HEK3	64	74.76492572481209	2.0193219661306516
31	TGATGGCAGAGGAAAGGAAGCCCTGCTTCCTCCA	HEK3	65	74.87354213946651	2.02470327906668
32	TGATGGCAGAGGAAAGGAAGCCCTGCTTCCTCCA	HEK3	66	75.00922544417664	2.0417755780975235
33	TGATGGCAGAGGAAAGGAAGCCCTGCTTCCTCCA	HEK3	67	75.14016203330739	2.023919864236932
34	TGATGGCAGAGGAAAGGAAGCCCTGCTTCCTCCA	HEK3	68	75.23744589223108	2.041396168962287
35	TGATGGCAGAGGAAAGGAAGCCCTGCTTCCTCCA	HEK3	69	75.44460608241279	1.991154561444932
36	TGATGGCAGAGGAAAGGAAGCCCTGCTTCCTCCA	HEK3	70	75.43552576758506	2.0132103761935607
37	TGATGGCAGAGGAAAGGAAGCCCTGCTTCCTCCA	HEK3	71	75.57794976546526	2.0118103065604296
38	TGATGGCAGAGGAAAGGAAGCCCTGCTTCCTCCA	HEK3	72	75.67569942911967	2.001959459163389
39	TGATGGCAGAGGAAAGGAAGCCCTGCTTCCTCCA	HEK3	73	75.8027146038804	1.9253803643384286
40	TGATGGCAGAGGAAAGGAAGCCCTGCTTCCTCCA	HEK3	74	75.86349436124854	2.064425852858522
41	TGATGGCAGAGGAAAGGAAGCCCTGCTTCCTCCA	HEK3	75	76.02802338992257	1.9560057583695671
42	TGATGGCAGAGGAAAGGAAGCCCTGCTTCCTCCA	HEK3	76	76.12869714626508	1.9616308511222216
43	TGATGGCAGAGGAAAGGAAGCCCTGCTTCCTCCA	HEK3	77	76.25081040812115	2.065065874309669
44	TGATGGCAGAGGAAAGGAAGCCCTGCTTCCTCCA	HEK3	78	76.25097438337133	2.0163198013500803
45	TGATGGCAGAGGAAAGGAAGCCCTGCTTCCTCCA	HEK3	79	76.38179201049276	1.9303336455752262
46	TGATGGCAGAGGAAAGGAAGCCCTGCTTCCTCCA	HEK3	80	76.30990806012036	1.9699882408342166
47	TGATGGCAGAGGAAAGGAAGCCCTGCTTCCTCCA	HEK3	81	76.54818525948151	1.984369487628765
48	TGATGGCAGAGGAAAGGAAGCCCTGCTTCCTCCA	HEK3	82	76.71354690351404	1.9836890761303627
49	TGATGGCAGAGGAAAGGAAGCCCTGCTTCCTCCA	HEK3	83	76.57826284254448	2.039660616895249
50	TGATGGCAGAGGAAAGGAAGCCCTGCTTCCTCCA	HEK3	84	76.85400293444074	1.9473416604765956
51	TGATGGCAGAGGAAAGGAAGCCCTGCTTCCTCCA	HEK3	85	76.81016868767719	2.0389037173977798
52	TGATGGCAGAGGAAAGGAAGCCCTGCTTCCTCCA	HEK3	86	76.88435801625484	2.0569587852829465
53	TGATGGCAGAGGAAAGGAAGCCCTGCTTCCTCCA	HEK3	87	77.00368251370348	1.957385314453015
54	TGATGGCAGAGGAAAGGAAGCCCTGCTTCCTCCA	HEK3	88	76.89872728088407	1.8918668615855954
55	TGATGGCAGAGGAAAGGAAGCCCTGCTTCCTCCA	HEK3	89	77.12182801938394	2.0443328423984806
56	TGATGGCAGAGGAAAGGAAGCCCTGCTTCCTCCA	HEK3	90	77.14905121961833	1.9480244053979328
57	TGATGGCAGAGGAAAGGAAGCCCTGCTTCCTCCA	HEK3	91	77.17924415753419	1.9536865035922153
58	TGATGGCAGAGGAAAGGAAGCCCTGCTTCCTCCA	HEK3	92	77.24900248753006	1.9518061073445883
59	TGATGGCAGAGGAAAGGAAGCCCTGCTTCCTCCA	HEK3	93	77.24926421094568	1.9836457360604516
60	TGATGGCAGAGGAAAGGAAGCCCTGCTTCCTCCA	HEK3	94	77.29275870003416	1.9268521467032176
61	TGATGGCAGAGGAAAGGAAGCCCTGCTTCCTCCA	HEK3	95	77.44728275172037	1.860952922807321
62	TGATGGCAGAGGAAAGGAAGCCCTGCTTCCTCCA	HEK3	96	77.48100796424438	1.9977683818192282
63	TGATGGCAGAGGAAAGGAAGCCCTGCTTCCTCCA	HEK3	97	77.50938653744568	1.8469893493024179
64	TGATGGCAGAGGAAAGGAAGCCCTGCTTCCTCCA	HEK3	98	77.66019175879235	1.9004399173176023
65	TGATGGCAGAGGAAAGGAAGCCCTGCTTCCTCCA	HEK3	99	77.78036497026973	1.8529936539074976
66	TGATGGCAGAGGAAAGGAAGCCCTGCTTCCTCCA	HEK3	100	77.7953431884192	1.9985895254671262
67	TGATGGCAGAGGAAAGGAAGCCCTGCTTCCTCCA	HEK3	101	77.79706248243461	1.8536544032268722
68	TGATGGCAGAGGAAAGGAAGCCCTGCTTCCTCCA	HEK3	102	77.92189775823624	1.8827145248475217
69	TGATGGCAGAGGAAAGGAAGCCCTGCTTCCTCCA	HEK3	103	77.90328236353031	1.879365297555926
