,name,target,percIns_R,percIns,sequence_original,site,pad,RTT,PBS,spacer,mmr,length,percIns_z,percIns_std,insertRTT,length_insertRTT,percA,percC,percT,percG,percGC,Arun_maxlen,pairedbases,nick1match,loop1_intact,VF_RTT,VF_RTT_z,percIns_z_pred
0,BRETATA-ext,HEK3,26.54162465,23.90555407,CCCACGCCTATAAAGGCC,BRETATA,ext,TGATGGCAGAGGAAAGGAAGCCCTGCTTCCTCCA,CAGACTGAGCACG,GGCCCAGACTGAGCACGTGA,FALSE,18,1.377424345,2.242876354,CCCACGCCTATAAAGGCCTGATGGCAGAGGAAAGGAAGCCCTGCTTCCTCCA,52,0.277777778,0.444444444,0.111111111,0.166666667,0.611111111,3,1,TRUE,TRUE,-16.79999924,-0.669685341,0.27333304
1,BRETATA-normal,HEK3,9.636027012,11.49339637,CCACGCCTATAAA,BRETATA,normal,TGATGGCAGAGGAAAGGAAGCCCTGCTTCCTCCA,CAGACTGAGCACG,GGCCCAGACTGAGCACGTGA,FALSE,13,-1.077904266,1.763772288,CCACGCCTATAAATGATGGCAGAGGAAAGGAAGCCCTGCTTCCTCCA,47,0.384615385,0.384615385,0.153846154,0.076923077,0.461538462,3,2,TRUE,TRUE,-14.39999962,-0.200052548,-0.2020424
2,ERret-ext,HEK3,19.78285243,19.77022123,CAAGGACGAGCTGTCCAC,ERret,ext,TGATGGCAGAGGAAAGGAAGCCCTGCTTCCTCCA,CAGACTGAGCACG,GGCCCAGACTGAGCACGTGA,FALSE,18,0.559387604,0.06894751,CAAGGACGAGCTGTCCACTGATGGCAGAGGAAAGGAAGCCCTGCTTCCTCCA,52,0.277777778,0.333333333,0.111111111,0.277777778,0.611111111,2,3,TRUE,TRUE,-16.79999924,-0.669685341,-0.01864722
3,ERret-normal,HEK3,12.85420114,11.41704745,AAGGACGAGCTG,ERret,normal,TGATGGCAGAGGAAAGGAAGCCCTGCTTCCTCCA,CAGACTGAGCACG,GGCCCAGACTGAGCACGTGA,FALSE,12,-1.093007335,1.253274778,AAGGACGAGCTGTGATGGCAGAGGAAAGGAAGCCCTGCTTCCTCCA,46,0.333333333,0.166666667,0.083333333,0.416666667,0.583333333,2,2,FALSE,FALSE,-14.10000038,-0.188186739,-0.26609057
4,splice-ext,HEK3,13.5415439,19.81132354,GCTTTTTTTCAGGTTCTC,splice,ext,TGATGGCAGAGGAAAGGAAGCCCTGCTTCCTCCA,CAGACTGAGCACG,GGCCCAGACTGAGCACGTGA,FALSE,18,0.567518315,4.434236949,GCTTTTTTTCAGGTTCTCTGATGGCAGAGGAAAGGAAGCCCTGCTTCCTCCA,52,0.055555556,0.222222222,0.555555556,0.166666667,0.388888889,0,0,FALSE,FALSE,-16.5,-0.542706962,-0.21318035
5,splice-normal,HEK3,17.25078546,15.25691407,TTTTTTTCAGGTT,splice,normal,TGATGGCAGAGGAAAGGAAGCCCTGCTTCCTCCA,CAGACTGAGCACG,GGCCCAGACTGAGCACGTGA,FALSE,13,-0.333418664,1.416380895,TTTTTTTCAGGTTTGATGGCAGAGGAAAGGAAGCCCTGCTTCCTCCA,47,0.076923077,0.076923077,0.692307692,0.153846154,0.230769231,0,1,FALSE,FALSE,-12.39999962,0.764057061,-0.39454067
6,BRETATA-ext,HEK3,21.05974575,23.90555407,CCCACGCCTATAAAGGCC,BRETATA,ext,TGATGGCAGAGGAAAGGAAGCCCTGCTTCCTCCA,CAGACTGAGCACG,GGCCCAGACTGAGCACGTGA,FALSE,18,1.377424345,2.242876354,CCCACGCCTATAAAGGCCTGATGGCAGAGGAAAGGAAGCCCTGCTTCCTCCA,52,0.277777778,0.444444444,0.111111111,0.166666667,0.611111111,3,1,TRUE,TRUE,-16.79999924,-0.669685341,0.27333304
7,BRETATA-normal,HEK3,10.98021651,11.49339637,CCACGCCTATAAA,BRETATA,normal,TGATGGCAGAGGAAAGGAAGCCCTGCTTCCTCCA,CAGACTGAGCACG,GGCCCAGACTGAGCACGTGA,FALSE,13,-1.077904266,1.763772288,CCACGCCTATAAATGATGGCAGAGGAAAGGAAGCCCTGCTTCCTCCA,47,0.384615385,0.384615385,0.153846154,0.076923077,0.461538462,3,2,TRUE,TRUE,-14.39999962,-0.200052548,-0.2020424
8,ERret-ext,HEK3,19.68017405,19.77022123,CAAGGACGAGCTGTCCAC,ERret,ext,TGATGGCAGAGGAAAGGAAGCCCTGCTTCCTCCA,CAGACTGAGCACG,GGCCCAGACTGAGCACGTGA,FALSE,18,0.559387604,0.06894751,CAAGGACGAGCTGTCCACTGATGGCAGAGGAAAGGAAGCCCTGCTTCCTCCA,52,0.277777778,0.333333333,0.111111111,0.277777778,0.611111111,2,3,TRUE,TRUE,-16.79999924,-0.669685341,-0.01864722
9,ERret-normal,HEK3,9.800145247,11.41704745,AAGGACGAGCTG,ERret,normal,TGATGGCAGAGGAAAGGAAGCCCTGCTTCCTCCA,CAGACTGAGCACG,GGCCCAGACTGAGCACGTGA,FALSE,12,-1.093007335,1.253274778,AAGGACGAGCTGTGATGGCAGAGGAAAGGAAGCCCTGCTTCCTCCA,46,0.333333333,0.166666667,0.083333333,0.416666667,0.583333333,2,2,FALSE,FALSE,-14.10000038,-0.188186739,-0.26609057
10,splice-ext,HEK3,22.8409355,19.81132354,GCTTTTTTTCAGGTTCTC,splice,ext,TGATGGCAGAGGAAAGGAAGCCCTGCTTCCTCCA,CAGACTGAGCACG,GGCCCAGACTGAGCACGTGA,FALSE,18,0.567518315,4.434236949,GCTTTTTTTCAGGTTCTCTGATGGCAGAGGAAAGGAAGCCCTGCTTCCTCCA,52,0.055555556,0.222222222,0.555555556,0.166666667,0.388888889,0,0,FALSE,FALSE,-16.5,-0.542706962,-0.21318035
11,splice-normal,HEK3,14.09396649,15.25691407,TTTTTTTCAGGTT,splice,normal,TGATGGCAGAGGAAAGGAAGCCCTGCTTCCTCCA,CAGACTGAGCACG,GGCCCAGACTGAGCACGTGA,FALSE,13,-0.333418664,1.416380895,TTTTTTTCAGGTTTGATGGCAGAGGAAAGGAAGCCCTGCTTCCTCCA,47,0.076923077,0.076923077,0.692307692,0.153846154,0.230769231,0,1,FALSE,FALSE,-12.39999962,0.764057061,-0.39454067
12,BRETATA-ext,HEK3,24.11529182,23.90555407,CCCACGCCTATAAAGGCC,BRETATA,ext,TGATGGCAGAGGAAAGGAAGCCCTGCTTCCTCCA,CAGACTGAGCACG,GGCCCAGACTGAGCACGTGA,FALSE,18,1.377424345,2.242876354,CCCACGCCTATAAAGGCCTGATGGCAGAGGAAAGGAAGCCCTGCTTCCTCCA,52,0.277777778,0.444444444,0.111111111,0.166666667,0.611111111,3,1,TRUE,TRUE,-16.79999924,-0.669685341,0.27333304
13,BRETATA-normal,HEK3,13.86394558,11.49339637,CCACGCCTATAAA,BRETATA,normal,TGATGGCAGAGGAAAGGAAGCCCTGCTTCCTCCA,CAGACTGAGCACG,GGCCCAGACTGAGCACGTGA,FALSE,13,-1.077904266,1.763772288,CCACGCCTATAAATGATGGCAGAGGAAAGGAAGCCCTGCTTCCTCCA,47,0.384615385,0.384615385,0.153846154,0.076923077,0.461538462,3,2,TRUE,TRUE,-14.39999962,-0.200052548,-0.2020424
14,ERret-ext,HEK3,19.84763722,19.77022123,CAAGGACGAGCTGTCCAC,ERret,ext,TGATGGCAGAGGAAAGGAAGCCCTGCTTCCTCCA,CAGACTGAGCACG,GGCCCAGACTGAGCACGTGA,FALSE,18,0.559387604,0.06894751,CAAGGACGAGCTGTCCACTGATGGCAGAGGAAAGGAAGCCCTGCTTCCTCCA,52,0.277777778,0.333333333,0.111111111,0.277777778,0.611111111,2,3,TRUE,TRUE,-16.79999924,-0.669685341,-0.01864722
15,ERret-normal,HEK3,11.59679597,11.41704745,AAGGACGAGCTG,ERret,normal,TGATGGCAGAGGAAAGGAAGCCCTGCTTCCTCCA,CAGACTGAGCACG,GGCCCAGACTGAGCACGTGA,FALSE,12,-1.093007335,1.253274778,AAGGACGAGCTGTGATGGCAGAGGAAAGGAAGCCCTGCTTCCTCCA,46,0.333333333,0.166666667,0.083333333,0.416666667,0.583333333,2,2,FALSE,FALSE,-14.10000038,-0.188186739,-0.26609057
16,splice-ext,HEK3,23.05149122,19.81132354,GCTTTTTTTCAGGTTCTC,splice,ext,TGATGGCAGAGGAAAGGAAGCCCTGCTTCCTCCA,CAGACTGAGCACG,GGCCCAGACTGAGCACGTGA,FALSE,18,0.567518315,4.434236949,GCTTTTTTTCAGGTTCTCTGATGGCAGAGGAAAGGAAGCCCTGCTTCCTCCA,52,0.055555556,0.222222222,0.555555556,0.166666667,0.388888889,0,0,FALSE,FALSE,-16.5,-0.542706962,-0.21318035
17,splice-normal,HEK3,14.42599027,15.25691407,TTTTTTTCAGGTT,splice,normal,TGATGGCAGAGGAAAGGAAGCCCTGCTTCCTCCA,CAGACTGAGCACG,GGCCCAGACTGAGCACGTGA,FALSE,13,-0.333418664,1.416380895,TTTTTTTCAGGTTTGATGGCAGAGGAAAGGAAGCCCTGCTTCCTCCA,47,0.076923077,0.076923077,0.692307692,0.153846154,0.230769231,0,1,FALSE,FALSE,-12.39999962,0.764057061,-0.39454067